{
  "type": "FeatureCollection",
  "metadata": {
    "source": "GBIF occurrence search",
    "sourceUrl": "https://www.gbif.org/species/5035230",
    "taxonKey": 5035230,
    "generatedAt": "2026-09-08T12:35:42.312Z",
    "note": "Reusable-license occurrence records, grid-deduplicated to one record per 0.5 degree cell. Not a range boundary."
  },
  "features": [
    {
      "type": "Feature",
      "id": 5938150807,
      "geometry": {
        "type": "Point",
        "coordinates": [
          -78.61456,
          35.797027
        ]
      },
      "properties": {
        "scientificName": "Solenopsis invicta Buren, 1972",
        "datasetTitle": null,
        "occurrenceID": "https://www.inaturalist.org/observations/333532204",
        "basisOfRecord": "HUMAN_OBSERVATION",
        "eventDate": "2026-01-04T17:02:05",
        "year": 2026,
        "month": 1,
        "day": 4,
        "recordedBy": "Sarah Abbate",
        "license": "http://creativecommons.org/licenses/by/4.0/legalcode",
        "sourceUrl": "https://www.gbif.org/occurrence/5938150807"
      }
    },
    {
      "type": "Feature",
      "id": 5938366257,
      "geometry": {
        "type": "Point",
        "coordinates": [
          -89.936693,
          30.320678
        ]
      },
      "properties": {
        "scientificName": "Solenopsis invicta Buren, 1972",
        "datasetTitle": null,
        "occurrenceID": "https://www.inaturalist.org/observations/333220794",
        "basisOfRecord": "HUMAN_OBSERVATION",
        "eventDate": "2026-01-02T14:12",
        "year": 2026,
        "month": 1,
        "day": 2,
        "recordedBy": "Lauren McLaurin",
        "license": "http://creativecommons.org/licenses/by/4.0/legalcode",
        "sourceUrl": "https://www.gbif.org/occurrence/5938366257"
      }
    },
    {
      "type": "Feature",
      "id": 5938456958,
      "geometry": {
        "type": "Point",
        "coordinates": [
          -96.540633,
          32.479092
        ]
      },
      "properties": {
        "scientificName": "Solenopsis invicta Buren, 1972",
        "datasetTitle": null,
        "occurrenceID": "https://www.inaturalist.org/observations/333056725",
        "basisOfRecord": "HUMAN_OBSERVATION",
        "eventDate": "2026-01-01T13:13:51",
        "year": 2026,
        "month": 1,
        "day": 1,
        "recordedBy": "Nathan May",
        "license": "http://creativecommons.org/licenses/by/4.0/legalcode",
        "sourceUrl": "https://www.gbif.org/occurrence/5938456958"
      }
    },
    {
      "type": "Feature",
      "id": 5938478854,
      "geometry": {
        "type": "Point",
        "coordinates": [
          -80.137139,
          26.119453
        ]
      },
      "properties": {
        "scientificName": "Solenopsis invicta Buren, 1972",
        "datasetTitle": null,
        "occurrenceID": "https://www.inaturalist.org/observations/333469166",
        "basisOfRecord": "HUMAN_OBSERVATION",
        "eventDate": "2026-01-03T17:09:25",
        "year": 2026,
        "month": 1,
        "day": 3,
        "recordedBy": "Luiz Puodzius",
        "license": "http://creativecommons.org/publicdomain/zero/1.0/legalcode",
        "sourceUrl": "https://www.gbif.org/occurrence/5938478854"
      }
    },
    {
      "type": "Feature",
      "id": 5938617897,
      "geometry": {
        "type": "Point",
        "coordinates": [
          -96.664273,
          30.295151
        ]
      },
      "properties": {
        "scientificName": "Solenopsis invicta Buren, 1972",
        "datasetTitle": null,
        "occurrenceID": "https://www.inaturalist.org/observations/333084786",
        "basisOfRecord": "HUMAN_OBSERVATION",
        "eventDate": "2026-01-01T12:14",
        "year": 2026,
        "month": 1,
        "day": 1,
        "recordedBy": "Linda Jo Conn",
        "license": "http://creativecommons.org/licenses/by/4.0/legalcode",
        "sourceUrl": "https://www.gbif.org/occurrence/5938617897"
      }
    },
    {
      "type": "Feature",
      "id": 5938691309,
      "geometry": {
        "type": "Point",
        "coordinates": [
          -96.653393,
          32.964855
        ]
      },
      "properties": {
        "scientificName": "Solenopsis invicta Buren, 1972",
        "datasetTitle": null,
        "occurrenceID": "https://www.inaturalist.org/observations/333510167",
        "basisOfRecord": "HUMAN_OBSERVATION",
        "eventDate": "2026-01-03T12:03",
        "year": 2026,
        "month": 1,
        "day": 3,
        "recordedBy": "Vince Hale",
        "license": "http://creativecommons.org/publicdomain/zero/1.0/legalcode",
        "sourceUrl": "https://www.gbif.org/occurrence/5938691309"
      }
    },
    {
      "type": "Feature",
      "id": 6129812985,
      "geometry": {
        "type": "Point",
        "coordinates": [
          -88.427801,
          30.433632
        ]
      },
      "properties": {
        "scientificName": "Solenopsis invicta Buren, 1972",
        "datasetTitle": null,
        "occurrenceID": "https://www.inaturalist.org/observations/335443524",
        "basisOfRecord": "HUMAN_OBSERVATION",
        "eventDate": "2026-01-18T10:56:27",
        "year": 2026,
        "month": 1,
        "day": 18,
        "recordedBy": "bcur155",
        "license": "http://creativecommons.org/licenses/by/4.0/legalcode",
        "sourceUrl": "https://www.gbif.org/occurrence/6129812985"
      }
    },
    {
      "type": "Feature",
      "id": 6129941458,
      "geometry": {
        "type": "Point",
        "coordinates": [
          -90.159106,
          32.325406
        ]
      },
      "properties": {
        "scientificName": "Solenopsis invicta Buren, 1972",
        "datasetTitle": null,
        "occurrenceID": "https://www.inaturalist.org/observations/335944629",
        "basisOfRecord": "HUMAN_OBSERVATION",
        "eventDate": "2026-01-23T11:04",
        "year": 2026,
        "month": 1,
        "day": 23,
        "recordedBy": "davidenrique",
        "license": "http://creativecommons.org/publicdomain/zero/1.0/legalcode",
        "sourceUrl": "https://www.gbif.org/occurrence/6129941458"
      }
    },
    {
      "type": "Feature",
      "id": 6130096691,
      "geometry": {
        "type": "Point",
        "coordinates": [
          -91.118573,
          30.414926
        ]
      },
      "properties": {
        "scientificName": "Solenopsis invicta Buren, 1972",
        "datasetTitle": null,
        "occurrenceID": "https://www.inaturalist.org/observations/334679848",
        "basisOfRecord": "HUMAN_OBSERVATION",
        "eventDate": "2026-01-13T15:11",
        "year": 2026,
        "month": 1,
        "day": 13,
        "recordedBy": "Sean Golden",
        "license": "http://creativecommons.org/licenses/by/4.0/legalcode",
        "sourceUrl": "https://www.gbif.org/occurrence/6130096691"
      }
    },
    {
      "type": "Feature",
      "id": 6130214328,
      "geometry": {
        "type": "Point",
        "coordinates": [
          -100.325046,
          29.82889
        ]
      },
      "properties": {
        "scientificName": "Solenopsis invicta Buren, 1972",
        "datasetTitle": null,
        "occurrenceID": "https://www.inaturalist.org/observations/334656987",
        "basisOfRecord": "HUMAN_OBSERVATION",
        "eventDate": "2026-01-13T15:22:34",
        "year": 2026,
        "month": 1,
        "day": 13,
        "recordedBy": "Jo Roberts",
        "license": "http://creativecommons.org/publicdomain/zero/1.0/legalcode",
        "sourceUrl": "https://www.gbif.org/occurrence/6130214328"
      }
    },
    {
      "type": "Feature",
      "id": 6130263249,
      "geometry": {
        "type": "Point",
        "coordinates": [
          -82.694481,
          27.453131
        ]
      },
      "properties": {
        "scientificName": "Solenopsis invicta Buren, 1972",
        "datasetTitle": null,
        "occurrenceID": "https://www.inaturalist.org/observations/333959183",
        "basisOfRecord": "HUMAN_OBSERVATION",
        "eventDate": "2026-01-04T16:00",
        "year": 2026,
        "month": 1,
        "day": 4,
        "recordedBy": "Jason Leduc",
        "license": "http://creativecommons.org/publicdomain/zero/1.0/legalcode",
        "sourceUrl": "https://www.gbif.org/occurrence/6130263249"
      }
    },
    {
      "type": "Feature",
      "id": 6130425701,
      "geometry": {
        "type": "Point",
        "coordinates": [
          -84.293595,
          30.446358
        ]
      },
      "properties": {
        "scientificName": "Solenopsis invicta Buren, 1972",
        "datasetTitle": null,
        "occurrenceID": "https://www.inaturalist.org/observations/334668576",
        "basisOfRecord": "HUMAN_OBSERVATION",
        "eventDate": "2026-01-07T15:47:06",
        "year": 2026,
        "month": 1,
        "day": 7,
        "recordedBy": "plingus22",
        "license": "http://creativecommons.org/licenses/by/4.0/legalcode",
        "sourceUrl": "https://www.gbif.org/occurrence/6130425701"
      }
    },
    {
      "type": "Feature",
      "id": 6130488237,
      "geometry": {
        "type": "Point",
        "coordinates": [
          -97.110639,
          32.785579
        ]
      },
      "properties": {
        "scientificName": "Solenopsis invicta Buren, 1972",
        "datasetTitle": null,
        "occurrenceID": "https://www.inaturalist.org/observations/334003493",
        "basisOfRecord": "HUMAN_OBSERVATION",
        "eventDate": "2026-01-07T22:46",
        "year": 2026,
        "month": 1,
        "day": 7,
        "recordedBy": "Stephanie Tran",
        "license": "http://creativecommons.org/licenses/by/4.0/legalcode",
        "sourceUrl": "https://www.gbif.org/occurrence/6130488237"
      }
    },
    {
      "type": "Feature",
      "id": 6130682519,
      "geometry": {
        "type": "Point",
        "coordinates": [
          -86.155525,
          30.432438
        ]
      },
      "properties": {
        "scientificName": "Solenopsis invicta Buren, 1972",
        "datasetTitle": null,
        "occurrenceID": "https://www.inaturalist.org/observations/334792802",
        "basisOfRecord": "HUMAN_OBSERVATION",
        "eventDate": "2026-01-03T13:52:38",
        "year": 2026,
        "month": 1,
        "day": 3,
        "recordedBy": "Senna Bryce Robeson",
        "license": "http://creativecommons.org/licenses/by/4.0/legalcode",
        "sourceUrl": "https://www.gbif.org/occurrence/6130682519"
      }
    },
    {
      "type": "Feature",
      "id": 6130735272,
      "geometry": {
        "type": "Point",
        "coordinates": [
          -82.237111,
          29.636522
        ]
      },
      "properties": {
        "scientificName": "Solenopsis invicta Buren, 1972",
        "datasetTitle": null,
        "occurrenceID": "https://www.inaturalist.org/observations/334302907",
        "basisOfRecord": "HUMAN_OBSERVATION",
        "eventDate": "2026-01-10T17:19",
        "year": 2026,
        "month": 1,
        "day": 10,
        "recordedBy": "joooom",
        "license": "http://creativecommons.org/licenses/by/4.0/legalcode",
        "sourceUrl": "https://www.gbif.org/occurrence/6130735272"
      }
    },
    {
      "type": "Feature",
      "id": 6130871621,
      "geometry": {
        "type": "Point",
        "coordinates": [
          -81.007183,
          32.444186
        ]
      },
      "properties": {
        "scientificName": "Solenopsis invicta Buren, 1972",
        "datasetTitle": null,
        "occurrenceID": "https://www.inaturalist.org/observations/335798765",
        "basisOfRecord": "HUMAN_OBSERVATION",
        "eventDate": "2026-01-21T13:22:18",
        "year": 2026,
        "month": 1,
        "day": 21,
        "recordedBy": "forbiddenricecakes",
        "license": "http://creativecommons.org/licenses/by/4.0/legalcode",
        "sourceUrl": "https://www.gbif.org/occurrence/6130871621"
      }
    },
    {
      "type": "Feature",
      "id": 6130914998,
      "geometry": {
        "type": "Point",
        "coordinates": [
          -82.392792,
          29.711145
        ]
      },
      "properties": {
        "scientificName": "Solenopsis invicta Buren, 1972",
        "datasetTitle": null,
        "occurrenceID": "https://www.inaturalist.org/observations/335132688",
        "basisOfRecord": "HUMAN_OBSERVATION",
        "eventDate": "2026-01-17T16:37:28",
        "year": 2026,
        "month": 1,
        "day": 17,
        "recordedBy": "Melissa Meadows",
        "license": "http://creativecommons.org/licenses/by/4.0/legalcode",
        "sourceUrl": "https://www.gbif.org/occurrence/6130914998"
      }
    },
    {
      "type": "Feature",
      "id": 6131343311,
      "geometry": {
        "type": "Point",
        "coordinates": [
          -84.135063,
          30.139317
        ]
      },
      "properties": {
        "scientificName": "Solenopsis invicta Buren, 1972",
        "datasetTitle": null,
        "occurrenceID": "https://www.inaturalist.org/observations/333794257",
        "basisOfRecord": "HUMAN_OBSERVATION",
        "eventDate": "2026-01-06T09:40:27",
        "year": 2026,
        "month": 1,
        "day": 6,
        "recordedBy": "Tom Kennedy",
        "license": "http://creativecommons.org/licenses/by/4.0/legalcode",
        "sourceUrl": "https://www.gbif.org/occurrence/6131343311"
      }
    },
    {
      "type": "Feature",
      "id": 6131524111,
      "geometry": {
        "type": "Point",
        "coordinates": [
          -86.277292,
          30.360645
        ]
      },
      "properties": {
        "scientificName": "Solenopsis invicta Buren, 1972",
        "datasetTitle": null,
        "occurrenceID": "https://www.inaturalist.org/observations/334924020",
        "basisOfRecord": "HUMAN_OBSERVATION",
        "eventDate": "2026-01-05T12:00:17",
        "year": 2026,
        "month": 1,
        "day": 5,
        "recordedBy": "Senna Bryce Robeson",
        "license": "http://creativecommons.org/licenses/by/4.0/legalcode",
        "sourceUrl": "https://www.gbif.org/occurrence/6131524111"
      }
    },
    {
      "type": "Feature",
      "id": 6131573071,
      "geometry": {
        "type": "Point",
        "coordinates": [
          -117.003989,
          32.84787
        ]
      },
      "properties": {
        "scientificName": "Solenopsis invicta Buren, 1972",
        "datasetTitle": null,
        "occurrenceID": "https://www.inaturalist.org/observations/333864843",
        "basisOfRecord": "HUMAN_OBSERVATION",
        "eventDate": "2026-01-07T08:53:22",
        "year": 2026,
        "month": 1,
        "day": 7,
        "recordedBy": "langooney",
        "license": "http://creativecommons.org/publicdomain/zero/1.0/legalcode",
        "sourceUrl": "https://www.gbif.org/occurrence/6131573071"
      }
    },
    {
      "type": "Feature",
      "id": 6131582682,
      "geometry": {
        "type": "Point",
        "coordinates": [
          -97.190198,
          32.734952
        ]
      },
      "properties": {
        "scientificName": "Solenopsis invicta Buren, 1972",
        "datasetTitle": null,
        "occurrenceID": "https://www.inaturalist.org/observations/334130151",
        "basisOfRecord": "HUMAN_OBSERVATION",
        "eventDate": "2026-01-09T13:59",
        "year": 2026,
        "month": 1,
        "day": 9,
        "recordedBy": "Sam Kieschnick",
        "license": "http://creativecommons.org/licenses/by/4.0/legalcode",
        "sourceUrl": "https://www.gbif.org/occurrence/6131582682"
      }
    },
    {
      "type": "Feature",
      "id": 6133125700,
      "geometry": {
        "type": "Point",
        "coordinates": [
          121.392086,
          25.148426
        ]
      },
      "properties": {
        "scientificName": "Solenopsis invicta Buren, 1972",
        "datasetTitle": null,
        "occurrenceID": "https://www.inaturalist.org/observations/337096355",
        "basisOfRecord": "HUMAN_OBSERVATION",
        "eventDate": "2026-01-29T11:00:48",
        "year": 2026,
        "month": 1,
        "day": 29,
        "recordedBy": "如此甚好",
        "license": "http://creativecommons.org/licenses/by/4.0/legalcode",
        "sourceUrl": "https://www.gbif.org/occurrence/6133125700"
      }
    },
    {
      "type": "Feature",
      "id": 6133210254,
      "geometry": {
        "type": "Point",
        "coordinates": [
          -97.256978,
          32.755676
        ]
      },
      "properties": {
        "scientificName": "Solenopsis invicta Buren, 1972",
        "datasetTitle": null,
        "occurrenceID": "https://www.inaturalist.org/observations/336760873",
        "basisOfRecord": "HUMAN_OBSERVATION",
        "eventDate": "2026-01-30T15:25",
        "year": 2026,
        "month": 1,
        "day": 30,
        "recordedBy": "Sam Kieschnick",
        "license": "http://creativecommons.org/licenses/by/4.0/legalcode",
        "sourceUrl": "https://www.gbif.org/occurrence/6133210254"
      }
    },
    {
      "type": "Feature",
      "id": 6133298807,
      "geometry": {
        "type": "Point",
        "coordinates": [
          -97.662097,
          30.581575
        ]
      },
      "properties": {
        "scientificName": "Solenopsis invicta Buren, 1972",
        "datasetTitle": null,
        "occurrenceID": "https://www.inaturalist.org/observations/336544940",
        "basisOfRecord": "HUMAN_OBSERVATION",
        "eventDate": "2026-01-28T16:44",
        "year": 2026,
        "month": 1,
        "day": 28,
        "recordedBy": "Michelle W. （鍾偉瑋）",
        "license": "http://creativecommons.org/licenses/by/4.0/legalcode",
        "sourceUrl": "https://www.gbif.org/occurrence/6133298807"
      }
    },
    {
      "type": "Feature",
      "id": 6133415030,
      "geometry": {
        "type": "Point",
        "coordinates": [
          152.550415,
          -27.635881
        ]
      },
      "properties": {
        "scientificName": "Solenopsis invicta Buren, 1972",
        "datasetTitle": null,
        "occurrenceID": "https://www.inaturalist.org/observations/336431375",
        "basisOfRecord": "HUMAN_OBSERVATION",
        "eventDate": "2026-01-28T12:16:20",
        "year": 2026,
        "month": 1,
        "day": 28,
        "recordedBy": "Gordon Cocks",
        "license": "http://creativecommons.org/licenses/by/4.0/legalcode",
        "sourceUrl": "https://www.gbif.org/occurrence/6133415030"
      }
    },
    {
      "type": "Feature",
      "id": 6162964378,
      "geometry": {
        "type": "Point",
        "coordinates": [
          -82.079858,
          26.433339
        ]
      },
      "properties": {
        "scientificName": "Solenopsis invicta Buren, 1972",
        "datasetTitle": null,
        "occurrenceID": "https://www.inaturalist.org/observations/339755671",
        "basisOfRecord": "HUMAN_OBSERVATION",
        "eventDate": "2026-01-02T11:14",
        "year": 2026,
        "month": 1,
        "day": 2,
        "recordedBy": "Benjamin Burgunder",
        "license": "http://creativecommons.org/licenses/by/4.0/legalcode",
        "sourceUrl": "https://www.gbif.org/occurrence/6162964378"
      }
    },
    {
      "type": "Feature",
      "id": 6179186545,
      "geometry": {
        "type": "Point",
        "coordinates": [
          -97.861037,
          29.984138
        ]
      },
      "properties": {
        "scientificName": "Solenopsis invicta Buren, 1972",
        "datasetTitle": null,
        "occurrenceID": "https://www.inaturalist.org/observations/342458154",
        "basisOfRecord": "HUMAN_OBSERVATION",
        "eventDate": "2026-01-04T15:07",
        "year": 2026,
        "month": 1,
        "day": 4,
        "recordedBy": "colincolincol",
        "license": "http://creativecommons.org/licenses/by/4.0/legalcode",
        "sourceUrl": "https://www.gbif.org/occurrence/6179186545"
      }
    },
    {
      "type": "Feature",
      "id": 6185078469,
      "geometry": {
        "type": "Point",
        "coordinates": [
          152.964303,
          -27.47465
        ]
      },
      "properties": {
        "scientificName": "Solenopsis invicta Buren, 1972",
        "datasetTitle": null,
        "occurrenceID": "https://www.inaturalist.org/observations/336290854",
        "basisOfRecord": "HUMAN_OBSERVATION",
        "eventDate": "2026-01-26T12:16:20",
        "year": 2026,
        "month": 1,
        "day": 26,
        "recordedBy": "Mani Kanakagiri",
        "license": "http://creativecommons.org/licenses/by/4.0/legalcode",
        "sourceUrl": "https://www.gbif.org/occurrence/6185078469"
      }
    },
    {
      "type": "Feature",
      "id": 6147382296,
      "geometry": {
        "type": "Point",
        "coordinates": [
          -97.049993,
          33.42378
        ]
      },
      "properties": {
        "scientificName": "Solenopsis invicta Buren, 1972",
        "datasetTitle": null,
        "occurrenceID": "https://www.inaturalist.org/observations/337734367",
        "basisOfRecord": "HUMAN_OBSERVATION",
        "eventDate": "2026-02-07T10:59",
        "year": 2026,
        "month": 2,
        "day": 7,
        "recordedBy": "John Thomlinson",
        "license": "http://creativecommons.org/licenses/by/4.0/legalcode",
        "sourceUrl": "https://www.gbif.org/occurrence/6147382296"
      }
    },
    {
      "type": "Feature",
      "id": 6147385355,
      "geometry": {
        "type": "Point",
        "coordinates": [
          -90.124677,
          29.922769
        ]
      },
      "properties": {
        "scientificName": "Solenopsis invicta Buren, 1972",
        "datasetTitle": null,
        "occurrenceID": "https://www.inaturalist.org/observations/337718690",
        "basisOfRecord": "HUMAN_OBSERVATION",
        "eventDate": "2026-02-07T15:33:12",
        "year": 2026,
        "month": 2,
        "day": 7,
        "recordedBy": "Elliot Greiner",
        "license": "http://creativecommons.org/licenses/by/4.0/legalcode",
        "sourceUrl": "https://www.gbif.org/occurrence/6147385355"
      }
    },
    {
      "type": "Feature",
      "id": 6147613180,
      "geometry": {
        "type": "Point",
        "coordinates": [
          -80.620116,
          25.383231
        ]
      },
      "properties": {
        "scientificName": "Solenopsis invicta Buren, 1972",
        "datasetTitle": null,
        "occurrenceID": "https://www.inaturalist.org/observations/337489004",
        "basisOfRecord": "HUMAN_OBSERVATION",
        "eventDate": "2026-02-05T18:02:04",
        "year": 2026,
        "month": 2,
        "day": 5,
        "recordedBy": "Barbara Kay",
        "license": "http://creativecommons.org/publicdomain/zero/1.0/legalcode",
        "sourceUrl": "https://www.gbif.org/occurrence/6147613180"
      }
    },
    {
      "type": "Feature",
      "id": 6159269331,
      "geometry": {
        "type": "Point",
        "coordinates": [
          -95.296706,
          32.481939
        ]
      },
      "properties": {
        "scientificName": "Solenopsis invicta Buren, 1972",
        "datasetTitle": null,
        "occurrenceID": "https://www.inaturalist.org/observations/338168207",
        "basisOfRecord": "HUMAN_OBSERVATION",
        "eventDate": "2026-02-10T20:40",
        "year": 2026,
        "month": 2,
        "day": 10,
        "recordedBy": "Michelle W. （鍾偉瑋）",
        "license": "http://creativecommons.org/licenses/by/4.0/legalcode",
        "sourceUrl": "https://www.gbif.org/occurrence/6159269331"
      }
    },
    {
      "type": "Feature",
      "id": 6159273943,
      "geometry": {
        "type": "Point",
        "coordinates": [
          -92.303079,
          30.216869
        ]
      },
      "properties": {
        "scientificName": "Solenopsis invicta Buren, 1972",
        "datasetTitle": null,
        "occurrenceID": "https://www.inaturalist.org/observations/338916743",
        "basisOfRecord": "HUMAN_OBSERVATION",
        "eventDate": "2026-02-12T21:29:34",
        "year": 2026,
        "month": 2,
        "day": 12,
        "recordedBy": "Shannon Stoner",
        "license": "http://creativecommons.org/licenses/by/4.0/legalcode",
        "sourceUrl": "https://www.gbif.org/occurrence/6159273943"
      }
    },
    {
      "type": "Feature",
      "id": 6159328845,
      "geometry": {
        "type": "Point",
        "coordinates": [
          -81.171327,
          28.60983
        ]
      },
      "properties": {
        "scientificName": "Solenopsis invicta Buren, 1972",
        "datasetTitle": null,
        "occurrenceID": "https://www.inaturalist.org/observations/338894818",
        "basisOfRecord": "HUMAN_OBSERVATION",
        "eventDate": "2026-02-15T22:01",
        "year": 2026,
        "month": 2,
        "day": 15,
        "recordedBy": "Kiandre Reynolds",
        "license": "http://creativecommons.org/licenses/by/4.0/legalcode",
        "sourceUrl": "https://www.gbif.org/occurrence/6159328845"
      }
    },
    {
      "type": "Feature",
      "id": 6159594554,
      "geometry": {
        "type": "Point",
        "coordinates": [
          -96.9375,
          30.177011
        ]
      },
      "properties": {
        "scientificName": "Solenopsis invicta Buren, 1972",
        "datasetTitle": null,
        "occurrenceID": "https://www.inaturalist.org/observations/338135160",
        "basisOfRecord": "HUMAN_OBSERVATION",
        "eventDate": "2026-02-10T13:39",
        "year": 2026,
        "month": 2,
        "day": 10,
        "recordedBy": "Linda Jo Conn",
        "license": "http://creativecommons.org/licenses/by/4.0/legalcode",
        "sourceUrl": "https://www.gbif.org/occurrence/6159594554"
      }
    },
    {
      "type": "Feature",
      "id": 4116589368,
      "geometry": {
        "type": "Point",
        "coordinates": [
          -60.724194,
          -31.609345
        ]
      },
      "properties": {
        "scientificName": "Solenopsis invicta Buren, 1972",
        "datasetTitle": null,
        "occurrenceID": "https://www.inaturalist.org/observations/161962054",
        "basisOfRecord": "HUMAN_OBSERVATION",
        "eventDate": "2023-05-15T08:30",
        "year": 2023,
        "month": 5,
        "day": 15,
        "recordedBy": "Eduardo Luis Beltrocco",
        "license": "http://creativecommons.org/licenses/by/4.0/legalcode",
        "sourceUrl": "https://www.gbif.org/occurrence/4116589368"
      }
    },
    {
      "type": "Feature",
      "id": 4904160366,
      "geometry": {
        "type": "Point",
        "coordinates": [
          -65.157852,
          -31.629346
        ]
      },
      "properties": {
        "scientificName": "Solenopsis invicta Buren, 1972",
        "datasetTitle": null,
        "occurrenceID": "https://www.inaturalist.org/observations/224252109",
        "basisOfRecord": "HUMAN_OBSERVATION",
        "eventDate": "2023-07-24T11:15",
        "year": 2023,
        "month": 7,
        "day": 24,
        "recordedBy": "RAP",
        "license": "http://creativecommons.org/licenses/by/4.0/legalcode",
        "sourceUrl": "https://www.gbif.org/occurrence/4904160366"
      }
    },
    {
      "type": "Feature",
      "id": 4904164436,
      "geometry": {
        "type": "Point",
        "coordinates": [
          -58.916287,
          -34.412999
        ]
      },
      "properties": {
        "scientificName": "Solenopsis invicta Buren, 1972",
        "datasetTitle": null,
        "occurrenceID": "https://www.inaturalist.org/observations/80359304",
        "basisOfRecord": "HUMAN_OBSERVATION",
        "eventDate": "2021-05-15T11:55",
        "year": 2021,
        "month": 5,
        "day": 15,
        "recordedBy": "RAP",
        "license": "http://creativecommons.org/licenses/by/4.0/legalcode",
        "sourceUrl": "https://www.gbif.org/occurrence/4904164436"
      }
    },
    {
      "type": "Feature",
      "id": 2573864540,
      "geometry": {
        "type": "Point",
        "coordinates": [
          -58.48256,
          -34.59486
        ]
      },
      "properties": {
        "scientificName": "Solenopsis invicta Buren, 1972",
        "datasetTitle": null,
        "occurrenceID": "https://www.inaturalist.org/observations/38859555",
        "basisOfRecord": "HUMAN_OBSERVATION",
        "eventDate": "2019-05-04T11:02",
        "year": 2019,
        "month": 5,
        "day": 4,
        "recordedBy": "Pablo Bombín",
        "license": "http://creativecommons.org/licenses/by/4.0/legalcode",
        "sourceUrl": "https://www.gbif.org/occurrence/2573864540"
      }
    },
    {
      "type": "Feature",
      "id": 4918926685,
      "geometry": {
        "type": "Point",
        "coordinates": [
          -58.69453,
          -33.44297
        ]
      },
      "properties": {
        "scientificName": "BOLD:AAF4715",
        "datasetTitle": null,
        "occurrenceID": "ANTI924-19",
        "basisOfRecord": "MATERIAL_SAMPLE",
        "eventDate": "2017-09-05",
        "year": 2017,
        "month": 9,
        "day": 5,
        "recordedBy": "Priscila E. Hanisch",
        "license": "http://creativecommons.org/licenses/by/4.0/legalcode",
        "sourceUrl": "https://www.gbif.org/occurrence/4918926685"
      }
    },
    {
      "type": "Feature",
      "id": 4910068247,
      "geometry": {
        "type": "Point",
        "coordinates": [
          -58.6297,
          -26.6609
        ]
      },
      "properties": {
        "scientificName": "Solenopsis invicta Buren, 1972",
        "datasetTitle": null,
        "occurrenceID": "CAS:ANTWEB:ifahi-sdp-0003p",
        "basisOfRecord": "PRESERVED_SPECIMEN",
        "eventDate": "2014-09-16",
        "year": 2014,
        "month": 9,
        "day": 16,
        "recordedBy": "Porter, SD; Calcaterra, LA",
        "license": "http://creativecommons.org/licenses/by/4.0/legalcode",
        "sourceUrl": "https://www.gbif.org/occurrence/4910068247"
      }
    },
    {
      "type": "Feature",
      "id": 4910068249,
      "geometry": {
        "type": "Point",
        "coordinates": [
          -58.2561,
          -25.6733
        ]
      },
      "properties": {
        "scientificName": "Solenopsis invicta Buren, 1972",
        "datasetTitle": null,
        "occurrenceID": "CAS:ANTWEB:ifahi-sdp-0061p",
        "basisOfRecord": "PRESERVED_SPECIMEN",
        "eventDate": "2014-09-18",
        "year": 2014,
        "month": 9,
        "day": 18,
        "recordedBy": "Porter, SD; Calcaterra, LA",
        "license": "http://creativecommons.org/licenses/by/4.0/legalcode",
        "sourceUrl": "https://www.gbif.org/occurrence/4910068249"
      }
    },
    {
      "type": "Feature",
      "id": 4910068250,
      "geometry": {
        "type": "Point",
        "coordinates": [
          -57.7054,
          -25.2875
        ]
      },
      "properties": {
        "scientificName": "Solenopsis invicta Buren, 1972",
        "datasetTitle": null,
        "occurrenceID": "CAS:ANTWEB:ifahi-sdp-0135p",
        "basisOfRecord": "PRESERVED_SPECIMEN",
        "eventDate": "2014-09-23",
        "year": 2014,
        "month": 9,
        "day": 23,
        "recordedBy": "Porter, SD; Calcaterra, LA",
        "license": "http://creativecommons.org/licenses/by/4.0/legalcode",
        "sourceUrl": "https://www.gbif.org/occurrence/4910068250"
      }
    },
    {
      "type": "Feature",
      "id": 4910068273,
      "geometry": {
        "type": "Point",
        "coordinates": [
          -58.6303,
          -26.2391
        ]
      },
      "properties": {
        "scientificName": "Solenopsis invicta Buren, 1972",
        "datasetTitle": null,
        "occurrenceID": "CAS:ANTWEB:ifahi-sdp-0066p4",
        "basisOfRecord": "PRESERVED_SPECIMEN",
        "eventDate": "2014-09-19",
        "year": 2014,
        "month": 9,
        "day": 19,
        "recordedBy": "Porter, SD; Calcaterra, LA",
        "license": "http://creativecommons.org/licenses/by/4.0/legalcode",
        "sourceUrl": "https://www.gbif.org/occurrence/4910068273"
      }
    },
    {
      "type": "Feature",
      "id": 4910068275,
      "geometry": {
        "type": "Point",
        "coordinates": [
          -59.0708,
          -26.205
        ]
      },
      "properties": {
        "scientificName": "Solenopsis invicta Buren, 1972",
        "datasetTitle": null,
        "occurrenceID": "CAS:ANTWEB:ifahi-sdp-0077p4",
        "basisOfRecord": "PRESERVED_SPECIMEN",
        "eventDate": "2014-09-19",
        "year": 2014,
        "month": 9,
        "day": 19,
        "recordedBy": "Porter, SD; Calcaterra, LA",
        "license": "http://creativecommons.org/licenses/by/4.0/legalcode",
        "sourceUrl": "https://www.gbif.org/occurrence/4910068275"
      }
    },
    {
      "type": "Feature",
      "id": 4910068279,
      "geometry": {
        "type": "Point",
        "coordinates": [
          -59.1021,
          -25.7411
        ]
      },
      "properties": {
        "scientificName": "Solenopsis invicta Buren, 1972",
        "datasetTitle": null,
        "occurrenceID": "CAS:ANTWEB:ifahi-sdp-0088p4",
        "basisOfRecord": "PRESERVED_SPECIMEN",
        "eventDate": "2014-09-19",
        "year": 2014,
        "month": 9,
        "day": 19,
        "recordedBy": "Porter, SD; Calcaterra, LA",
        "license": "http://creativecommons.org/licenses/by/4.0/legalcode",
        "sourceUrl": "https://www.gbif.org/occurrence/4910068279"
      }
    },
    {
      "type": "Feature",
      "id": 4910068283,
      "geometry": {
        "type": "Point",
        "coordinates": [
          -58.2144,
          -26.1975
        ]
      },
      "properties": {
        "scientificName": "Solenopsis invicta Buren, 1972",
        "datasetTitle": null,
        "occurrenceID": "CAS:ANTWEB:ifahi-sdp-0111p3",
        "basisOfRecord": "PRESERVED_SPECIMEN",
        "eventDate": "2014-09-22",
        "year": 2014,
        "month": 9,
        "day": 22,
        "recordedBy": "Porter, SD; Calcaterra, LA",
        "license": "http://creativecommons.org/licenses/by/4.0/legalcode",
        "sourceUrl": "https://www.gbif.org/occurrence/4910068283"
      }
    },
    {
      "type": "Feature",
      "id": 4910069664,
      "geometry": {
        "type": "Point",
        "coordinates": [
          -57.9907,
          -25.2508
        ]
      },
      "properties": {
        "scientificName": "Solenopsis invicta Buren, 1972",
        "datasetTitle": null,
        "occurrenceID": "CAS:ANTWEB:ifahi-sdp-0171p2",
        "basisOfRecord": "PRESERVED_SPECIMEN",
        "eventDate": "2014-09-24",
        "year": 2014,
        "month": 9,
        "day": 24,
        "recordedBy": "Porter, SD; Calcaterra, LA",
        "license": "http://creativecommons.org/licenses/by/4.0/legalcode",
        "sourceUrl": "https://www.gbif.org/occurrence/4910069664"
      }
    },
    {
      "type": "Feature",
      "id": 4910071032,
      "geometry": {
        "type": "Point",
        "coordinates": [
          -58.2314,
          -25.1432
        ]
      },
      "properties": {
        "scientificName": "Solenopsis invicta Buren, 1972",
        "datasetTitle": null,
        "occurrenceID": "CAS:ANTWEB:ifahi-sdp-0166p",
        "basisOfRecord": "PRESERVED_SPECIMEN",
        "eventDate": "2014-09-24",
        "year": 2014,
        "month": 9,
        "day": 24,
        "recordedBy": "Porter, SD; Calcaterra, LA",
        "license": "http://creativecommons.org/licenses/by/4.0/legalcode",
        "sourceUrl": "https://www.gbif.org/occurrence/4910071032"
      }
    },
    {
      "type": "Feature",
      "id": 1415008010,
      "geometry": {
        "type": "Point",
        "coordinates": [
          -58.815,
          -26.3028
        ]
      },
      "properties": {
        "scientificName": "BOLD:AAG5042",
        "datasetTitle": null,
        "occurrenceID": "GMAFP088-15",
        "basisOfRecord": "MATERIAL_SAMPLE",
        "eventDate": "2013-11-29",
        "year": 2013,
        "month": 11,
        "day": 29,
        "recordedBy": "Pablo Tubaro",
        "license": "http://creativecommons.org/licenses/by/4.0/legalcode",
        "sourceUrl": "https://www.gbif.org/occurrence/1415008010"
      }
    },
    {
      "type": "Feature",
      "id": 4910067554,
      "geometry": {
        "type": "Point",
        "coordinates": [
          -59.19739,
          -31.60144
        ]
      },
      "properties": {
        "scientificName": "Solenopsis invicta Buren, 1972",
        "datasetTitle": null,
        "occurrenceID": "CAS:ANTWEB:fuedei-lv036",
        "basisOfRecord": "PRESERVED_SPECIMEN",
        "eventDate": "2008-11-15",
        "year": 2008,
        "month": 11,
        "day": 15,
        "recordedBy": "Varone, L.",
        "license": "http://creativecommons.org/licenses/by/4.0/legalcode",
        "sourceUrl": "https://www.gbif.org/occurrence/4910067554"
      }
    },
    {
      "type": "Feature",
      "id": 4910067555,
      "geometry": {
        "type": "Point",
        "coordinates": [
          -61.87719,
          -32.02703
        ]
      },
      "properties": {
        "scientificName": "Solenopsis invicta Buren, 1972",
        "datasetTitle": null,
        "occurrenceID": "CAS:ANTWEB:fuedei-lv047",
        "basisOfRecord": "PRESERVED_SPECIMEN",
        "eventDate": "2008-11-13",
        "year": 2008,
        "month": 11,
        "day": 13,
        "recordedBy": "Varone, L.",
        "license": "http://creativecommons.org/licenses/by/4.0/legalcode",
        "sourceUrl": "https://www.gbif.org/occurrence/4910067555"
      }
    },
    {
      "type": "Feature",
      "id": 4910067556,
      "geometry": {
        "type": "Point",
        "coordinates": [
          -59.55689,
          -28.91283
        ]
      },
      "properties": {
        "scientificName": "Solenopsis invicta Buren, 1972",
        "datasetTitle": null,
        "occurrenceID": "CAS:ANTWEB:fuedei-lv050",
        "basisOfRecord": "PRESERVED_SPECIMEN",
        "eventDate": "2008-11-13",
        "year": 2008,
        "month": 11,
        "day": 13,
        "recordedBy": "Varone, L.",
        "license": "http://creativecommons.org/licenses/by/4.0/legalcode",
        "sourceUrl": "https://www.gbif.org/occurrence/4910067556"
      }
    },
    {
      "type": "Feature",
      "id": 4910067557,
      "geometry": {
        "type": "Point",
        "coordinates": [
          -59.52992,
          -30.00186
        ]
      },
      "properties": {
        "scientificName": "Solenopsis invicta Buren, 1972",
        "datasetTitle": null,
        "occurrenceID": "CAS:ANTWEB:fuedei-lv058",
        "basisOfRecord": "PRESERVED_SPECIMEN",
        "eventDate": "2008-11-14",
        "year": 2008,
        "month": 11,
        "day": 14,
        "recordedBy": "Varone, L.",
        "license": "http://creativecommons.org/licenses/by/4.0/legalcode",
        "sourceUrl": "https://www.gbif.org/occurrence/4910067557"
      }
    },
    {
      "type": "Feature",
      "id": 4910067559,
      "geometry": {
        "type": "Point",
        "coordinates": [
          -58.66667,
          -27.55283
        ]
      },
      "properties": {
        "scientificName": "Solenopsis invicta Buren, 1972",
        "datasetTitle": null,
        "occurrenceID": "CAS:ANTWEB:fuedei-lv069",
        "basisOfRecord": "PRESERVED_SPECIMEN",
        "eventDate": "2008-11-14",
        "year": 2008,
        "month": 11,
        "day": 14,
        "recordedBy": "Varone, L.",
        "license": "http://creativecommons.org/licenses/by/4.0/legalcode",
        "sourceUrl": "https://www.gbif.org/occurrence/4910067559"
      }
    },
    {
      "type": "Feature",
      "id": 4910067561,
      "geometry": {
        "type": "Point",
        "coordinates": [
          -59.00892,
          -28.91503
        ]
      },
      "properties": {
        "scientificName": "Solenopsis invicta Buren, 1972",
        "datasetTitle": null,
        "occurrenceID": "CAS:ANTWEB:fuedei-lv083",
        "basisOfRecord": "PRESERVED_SPECIMEN",
        "eventDate": "2008-11-14",
        "year": 2008,
        "month": 11,
        "day": 14,
        "recordedBy": "Varone, L.",
        "license": "http://creativecommons.org/licenses/by/4.0/legalcode",
        "sourceUrl": "https://www.gbif.org/occurrence/4910067561"
      }
    },
    {
      "type": "Feature",
      "id": 4910067562,
      "geometry": {
        "type": "Point",
        "coordinates": [
          -60.0172,
          -30.51863
        ]
      },
      "properties": {
        "scientificName": "Solenopsis invicta Buren, 1972",
        "datasetTitle": null,
        "occurrenceID": "CAS:ANTWEB:fuedei-lv094",
        "basisOfRecord": "PRESERVED_SPECIMEN",
        "eventDate": "2008-11-12",
        "year": 2008,
        "month": 11,
        "day": 12,
        "recordedBy": "Varone, L.",
        "license": "http://creativecommons.org/licenses/by/4.0/legalcode",
        "sourceUrl": "https://www.gbif.org/occurrence/4910067562"
      }
    },
    {
      "type": "Feature",
      "id": 4910068952,
      "geometry": {
        "type": "Point",
        "coordinates": [
          -59.29511,
          -32.48397
        ]
      },
      "properties": {
        "scientificName": "Solenopsis invicta Buren, 1972",
        "datasetTitle": null,
        "occurrenceID": "CAS:ANTWEB:fuedei-lv051",
        "basisOfRecord": "PRESERVED_SPECIMEN",
        "eventDate": "2008-11-14",
        "year": 2008,
        "month": 11,
        "day": 14,
        "recordedBy": "Varone, L.",
        "license": "http://creativecommons.org/licenses/by/4.0/legalcode",
        "sourceUrl": "https://www.gbif.org/occurrence/4910068952"
      }
    },
    {
      "type": "Feature",
      "id": 4910068955,
      "geometry": {
        "type": "Point",
        "coordinates": [
          -61.43139,
          -32.27592
        ]
      },
      "properties": {
        "scientificName": "Solenopsis invicta Buren, 1972",
        "datasetTitle": null,
        "occurrenceID": "CAS:ANTWEB:fuedei-lv073",
        "basisOfRecord": "PRESERVED_SPECIMEN",
        "eventDate": "2008-11-12",
        "year": 2008,
        "month": 11,
        "day": 12,
        "recordedBy": "Varone, L.",
        "license": "http://creativecommons.org/licenses/by/4.0/legalcode",
        "sourceUrl": "https://www.gbif.org/occurrence/4910068955"
      }
    },
    {
      "type": "Feature",
      "id": 4910073105,
      "geometry": {
        "type": "Point",
        "coordinates": [
          -58.80219,
          -28.32589
        ]
      },
      "properties": {
        "scientificName": "Solenopsis invicta Buren, 1972",
        "datasetTitle": null,
        "occurrenceID": "CAS:ANTWEB:fuedei-lv106",
        "basisOfRecord": "PRESERVED_SPECIMEN",
        "eventDate": "2008-11-14",
        "year": 2008,
        "month": 11,
        "day": 14,
        "recordedBy": "Varone, L.",
        "license": "http://creativecommons.org/licenses/by/4.0/legalcode",
        "sourceUrl": "https://www.gbif.org/occurrence/4910073105"
      }
    },
    {
      "type": "Feature",
      "id": 4910077253,
      "geometry": {
        "type": "Point",
        "coordinates": [
          -59.22508,
          -28.02747
        ]
      },
      "properties": {
        "scientificName": "Solenopsis invicta Buren, 1972",
        "datasetTitle": null,
        "occurrenceID": "CAS:ANTWEB:fuedei-lv057",
        "basisOfRecord": "PRESERVED_SPECIMEN",
        "eventDate": "2008-11-13",
        "year": 2008,
        "month": 11,
        "day": 13,
        "recordedBy": "Varone, L.",
        "license": "http://creativecommons.org/licenses/by/4.0/legalcode",
        "sourceUrl": "https://www.gbif.org/occurrence/4910077253"
      }
    },
    {
      "type": "Feature",
      "id": 4910067578,
      "geometry": {
        "type": "Point",
        "coordinates": [
          -58.27797,
          -32.37975
        ]
      },
      "properties": {
        "scientificName": "Solenopsis invicta Buren, 1972",
        "datasetTitle": null,
        "occurrenceID": "CAS:ANTWEB:fuedei-lv234",
        "basisOfRecord": "PRESERVED_SPECIMEN",
        "eventDate": "2007-02-25",
        "year": 2007,
        "month": 2,
        "day": 25,
        "recordedBy": "Varone, L.",
        "license": "http://creativecommons.org/licenses/by/4.0/legalcode",
        "sourceUrl": "https://www.gbif.org/occurrence/4910067578"
      }
    },
    {
      "type": "Feature",
      "id": 4910067567,
      "geometry": {
        "type": "Point",
        "coordinates": [
          -63.95652,
          -28.2669
        ]
      },
      "properties": {
        "scientificName": "Solenopsis invicta Buren, 1972",
        "datasetTitle": null,
        "occurrenceID": "CAS:ANTWEB:fuedei-lv146",
        "basisOfRecord": "PRESERVED_SPECIMEN",
        "eventDate": "2006-08-25",
        "year": 2006,
        "month": 8,
        "day": 25,
        "recordedBy": "Varone, L.",
        "license": "http://creativecommons.org/licenses/by/4.0/legalcode",
        "sourceUrl": "https://www.gbif.org/occurrence/4910067567"
      }
    },
    {
      "type": "Feature",
      "id": 4910067570,
      "geometry": {
        "type": "Point",
        "coordinates": [
          -60.85575,
          -32.8111
        ]
      },
      "properties": {
        "scientificName": "Solenopsis invicta Buren, 1972",
        "datasetTitle": null,
        "occurrenceID": "CAS:ANTWEB:fuedei-lv168",
        "basisOfRecord": "PRESERVED_SPECIMEN",
        "eventDate": "2006-08-21",
        "year": 2006,
        "month": 8,
        "day": 21,
        "recordedBy": "Varone, L.",
        "license": "http://creativecommons.org/licenses/by/4.0/legalcode",
        "sourceUrl": "https://www.gbif.org/occurrence/4910067570"
      }
    },
    {
      "type": "Feature",
      "id": 4910067577,
      "geometry": {
        "type": "Point",
        "coordinates": [
          -54.63333,
          -26.46667
        ]
      },
      "properties": {
        "scientificName": "Solenopsis invicta Buren, 1972",
        "datasetTitle": null,
        "occurrenceID": "CAS:ANTWEB:fuedei-lv223",
        "basisOfRecord": "PRESERVED_SPECIMEN",
        "eventDate": "2006-08-07",
        "year": 2006,
        "month": 8,
        "day": 7,
        "recordedBy": "Varone, L.; Calcaterra, L.A.",
        "license": "http://creativecommons.org/licenses/by/4.0/legalcode",
        "sourceUrl": "https://www.gbif.org/occurrence/4910067577"
      }
    },
    {
      "type": "Feature",
      "id": 4910068971,
      "geometry": {
        "type": "Point",
        "coordinates": [
          -54.57,
          -25.6
        ]
      },
      "properties": {
        "scientificName": "Solenopsis invicta Buren, 1972",
        "datasetTitle": null,
        "occurrenceID": "CAS:ANTWEB:fuedei-lv224",
        "basisOfRecord": "PRESERVED_SPECIMEN",
        "eventDate": "2006-08-07",
        "year": 2006,
        "month": 8,
        "day": 7,
        "recordedBy": "Varone, L.; Calcaterra, L.A.",
        "license": "http://creativecommons.org/licenses/by/4.0/legalcode",
        "sourceUrl": "https://www.gbif.org/occurrence/4910068971"
      }
    },
    {
      "type": "Feature",
      "id": 4910067487,
      "geometry": {
        "type": "Point",
        "coordinates": [
          -65.58,
          -27.34
        ]
      },
      "properties": {
        "scientificName": "Solenopsis invicta Buren, 1972",
        "datasetTitle": null,
        "occurrenceID": "CAS:ANTWEB:fuedei-lc327",
        "basisOfRecord": "PRESERVED_SPECIMEN",
        "eventDate": "2005-03-04",
        "year": 2005,
        "month": 3,
        "day": 4,
        "recordedBy": "Calcaterra, L.A.; Varone, L.",
        "license": "http://creativecommons.org/licenses/by/4.0/legalcode",
        "sourceUrl": "https://www.gbif.org/occurrence/4910067487"
      }
    },
    {
      "type": "Feature",
      "id": 4910068884,
      "geometry": {
        "type": "Point",
        "coordinates": [
          -58.1,
          -31.37
        ]
      },
      "properties": {
        "scientificName": "Solenopsis invicta Buren, 1972",
        "datasetTitle": null,
        "occurrenceID": "CAS:ANTWEB:fuedei-lc320",
        "basisOfRecord": "PRESERVED_SPECIMEN",
        "eventDate": "2005-03-29",
        "year": 2005,
        "month": 3,
        "day": 29,
        "recordedBy": "Calcaterra, L.A.; Varone, L.",
        "license": "http://creativecommons.org/licenses/by/4.0/legalcode",
        "sourceUrl": "https://www.gbif.org/occurrence/4910068884"
      }
    },
    {
      "type": "Feature",
      "id": 4910068960,
      "geometry": {
        "type": "Point",
        "coordinates": [
          -60.6,
          -30.78
        ]
      },
      "properties": {
        "scientificName": "Solenopsis invicta Buren, 1972",
        "datasetTitle": null,
        "occurrenceID": "CAS:ANTWEB:fuedei-lv125",
        "basisOfRecord": "PRESERVED_SPECIMEN",
        "eventDate": "2005-04-07",
        "year": 2005,
        "month": 4,
        "day": 7,
        "recordedBy": "Varone, L.",
        "license": "http://creativecommons.org/licenses/by/4.0/legalcode",
        "sourceUrl": "https://www.gbif.org/occurrence/4910068960"
      }
    },
    {
      "type": "Feature",
      "id": 4910071732,
      "geometry": {
        "type": "Point",
        "coordinates": [
          -60.29,
          -29.89
        ]
      },
      "properties": {
        "scientificName": "Solenopsis invicta Buren, 1972",
        "datasetTitle": null,
        "occurrenceID": "CAS:ANTWEB:fuedei-lv130",
        "basisOfRecord": "PRESERVED_SPECIMEN",
        "eventDate": "2005-04-07",
        "year": 2005,
        "month": 4,
        "day": 7,
        "recordedBy": "Varone, L.",
        "license": "http://creativecommons.org/licenses/by/4.0/legalcode",
        "sourceUrl": "https://www.gbif.org/occurrence/4910071732"
      }
    },
    {
      "type": "Feature",
      "id": 4910073028,
      "geometry": {
        "type": "Point",
        "coordinates": [
          -59.09,
          -33.35
        ]
      },
      "properties": {
        "scientificName": "Solenopsis invicta Buren, 1972",
        "datasetTitle": null,
        "occurrenceID": "CAS:ANTWEB:fuedei-lc323",
        "basisOfRecord": "PRESERVED_SPECIMEN",
        "eventDate": "2005-04-03",
        "year": 2005,
        "month": 4,
        "day": 3,
        "recordedBy": "Calcaterra, L.A.; Varone, L.",
        "license": "http://creativecommons.org/licenses/by/4.0/legalcode",
        "sourceUrl": "https://www.gbif.org/occurrence/4910073028"
      }
    },
    {
      "type": "Feature",
      "id": 4910074487,
      "geometry": {
        "type": "Point",
        "coordinates": [
          -59.84,
          -29.28
        ]
      },
      "properties": {
        "scientificName": "Solenopsis invicta Buren, 1972",
        "datasetTitle": null,
        "occurrenceID": "CAS:ANTWEB:fuedei-lv132",
        "basisOfRecord": "PRESERVED_SPECIMEN",
        "eventDate": "2005-04-07",
        "year": 2005,
        "month": 4,
        "day": 7,
        "recordedBy": "Varone, L.",
        "license": "http://creativecommons.org/licenses/by/4.0/legalcode",
        "sourceUrl": "https://www.gbif.org/occurrence/4910074487"
      }
    },
    {
      "type": "Feature",
      "id": 6510095761,
      "geometry": {
        "type": "Point",
        "coordinates": [
          -46.225,
          -23.271944
        ]
      },
      "properties": {
        "scientificName": "Solenopsis invicta Buren, 1972",
        "datasetTitle": null,
        "occurrenceID": "2281629",
        "basisOfRecord": "HUMAN_OBSERVATION",
        "eventDate": "2023-06-28T00:00",
        "year": 2023,
        "month": 6,
        "day": 28,
        "recordedBy": "VICTOR HIDEKI NAGATANI",
        "license": "http://creativecommons.org/licenses/by/4.0/legalcode",
        "sourceUrl": "https://www.gbif.org/occurrence/6510095761"
      }
    },
    {
      "type": "Feature",
      "id": 6510764512,
      "geometry": {
        "type": "Point",
        "coordinates": [
          -47.828333,
          -24.475833
        ]
      },
      "properties": {
        "scientificName": "Solenopsis invicta Buren, 1972",
        "datasetTitle": null,
        "occurrenceID": "2281719",
        "basisOfRecord": "HUMAN_OBSERVATION",
        "eventDate": "2023-07-14T00:00",
        "year": 2023,
        "month": 7,
        "day": 14,
        "recordedBy": "VICTOR HIDEKI NAGATANI",
        "license": "http://creativecommons.org/licenses/by/4.0/legalcode",
        "sourceUrl": "https://www.gbif.org/occurrence/6510764512"
      }
    },
    {
      "type": "Feature",
      "id": 6511053688,
      "geometry": {
        "type": "Point",
        "coordinates": [
          -46.5325,
          -23.401111
        ]
      },
      "properties": {
        "scientificName": "Solenopsis invicta Buren, 1972",
        "datasetTitle": null,
        "occurrenceID": "2281670",
        "basisOfRecord": "HUMAN_OBSERVATION",
        "eventDate": "2023-07-16T00:00",
        "year": 2023,
        "month": 7,
        "day": 16,
        "recordedBy": "VICTOR HIDEKI NAGATANI",
        "license": "http://creativecommons.org/licenses/by/4.0/legalcode",
        "sourceUrl": "https://www.gbif.org/occurrence/6511053688"
      }
    },
    {
      "type": "Feature",
      "id": 6511074967,
      "geometry": {
        "type": "Point",
        "coordinates": [
          -42.486111,
          -19.222222
        ]
      },
      "properties": {
        "scientificName": "Solenopsis invicta Buren, 1972",
        "datasetTitle": null,
        "occurrenceID": "2281723",
        "basisOfRecord": "HUMAN_OBSERVATION",
        "eventDate": "2023-07-08T00:00",
        "year": 2023,
        "month": 7,
        "day": 8,
        "recordedBy": "VICTOR HIDEKI NAGATANI",
        "license": "http://creativecommons.org/licenses/by/4.0/legalcode",
        "sourceUrl": "https://www.gbif.org/occurrence/6511074967"
      }
    },
    {
      "type": "Feature",
      "id": 6510208378,
      "geometry": {
        "type": "Point",
        "coordinates": [
          -45.63,
          -23.028333
        ]
      },
      "properties": {
        "scientificName": "Solenopsis invicta Buren, 1972",
        "datasetTitle": null,
        "occurrenceID": "2281722",
        "basisOfRecord": "HUMAN_OBSERVATION",
        "eventDate": "2023-08-30T00:00",
        "year": 2023,
        "month": 8,
        "day": 30,
        "recordedBy": "VICTOR HIDEKI NAGATANI",
        "license": "http://creativecommons.org/licenses/by/4.0/legalcode",
        "sourceUrl": "https://www.gbif.org/occurrence/6510208378"
      }
    },
    {
      "type": "Feature",
      "id": 6510759907,
      "geometry": {
        "type": "Point",
        "coordinates": [
          -46.561111,
          -23.241944
        ]
      },
      "properties": {
        "scientificName": "Solenopsis invicta Buren, 1972",
        "datasetTitle": null,
        "occurrenceID": "2281718",
        "basisOfRecord": "HUMAN_OBSERVATION",
        "eventDate": "2023-08-23T00:00",
        "year": 2023,
        "month": 8,
        "day": 23,
        "recordedBy": "VICTOR HIDEKI NAGATANI",
        "license": "http://creativecommons.org/licenses/by/4.0/legalcode",
        "sourceUrl": "https://www.gbif.org/occurrence/6510759907"
      }
    },
    {
      "type": "Feature",
      "id": 6510806748,
      "geometry": {
        "type": "Point",
        "coordinates": [
          -49.001667,
          -22.018056
        ]
      },
      "properties": {
        "scientificName": "Solenopsis invicta Buren, 1972",
        "datasetTitle": null,
        "occurrenceID": "2281632",
        "basisOfRecord": "HUMAN_OBSERVATION",
        "eventDate": "2023-11-01T00:00",
        "year": 2023,
        "month": 11,
        "day": 1,
        "recordedBy": "VICTOR HIDEKI NAGATANI",
        "license": "http://creativecommons.org/licenses/by/4.0/legalcode",
        "sourceUrl": "https://www.gbif.org/occurrence/6510806748"
      }
    },
    {
      "type": "Feature",
      "id": 6510912313,
      "geometry": {
        "type": "Point",
        "coordinates": [
          -51.583056,
          -20.783056
        ]
      },
      "properties": {
        "scientificName": "Solenopsis invicta Buren, 1972",
        "datasetTitle": null,
        "occurrenceID": "2281655",
        "basisOfRecord": "HUMAN_OBSERVATION",
        "eventDate": "2023-11-02T00:00",
        "year": 2023,
        "month": 11,
        "day": 2,
        "recordedBy": "VICTOR HIDEKI NAGATANI",
        "license": "http://creativecommons.org/licenses/by/4.0/legalcode",
        "sourceUrl": "https://www.gbif.org/occurrence/6510912313"
      }
    },
    {
      "type": "Feature",
      "id": 6510521226,
      "geometry": {
        "type": "Point",
        "coordinates": [
          -55.622778,
          -20.462778
        ]
      },
      "properties": {
        "scientificName": "Solenopsis invicta Buren, 1972",
        "datasetTitle": null,
        "occurrenceID": "1650408",
        "basisOfRecord": "HUMAN_OBSERVATION",
        "eventDate": "2020-12-14T00:00",
        "year": 2020,
        "month": 12,
        "day": 14,
        "recordedBy": "Rodrigo Aranda",
        "license": "http://creativecommons.org/licenses/by/4.0/legalcode",
        "sourceUrl": "https://www.gbif.org/occurrence/6510521226"
      }
    },
    {
      "type": "Feature",
      "id": 6511332138,
      "geometry": {
        "type": "Point",
        "coordinates": [
          -56.050278,
          -19.8725
        ]
      },
      "properties": {
        "scientificName": "Solenopsis invicta Buren, 1972",
        "datasetTitle": null,
        "occurrenceID": "1650371",
        "basisOfRecord": "HUMAN_OBSERVATION",
        "eventDate": "2020-12-12T00:00",
        "year": 2020,
        "month": 12,
        "day": 12,
        "recordedBy": "Rodrigo Aranda",
        "license": "http://creativecommons.org/licenses/by/4.0/legalcode",
        "sourceUrl": "https://www.gbif.org/occurrence/6511332138"
      }
    },
    {
      "type": "Feature",
      "id": 6510755959,
      "geometry": {
        "type": "Point",
        "coordinates": [
          -47.111111,
          -22.822222
        ]
      },
      "properties": {
        "scientificName": "Solenopsis invicta Buren, 1972",
        "datasetTitle": null,
        "occurrenceID": "1330798",
        "basisOfRecord": "HUMAN_OBSERVATION",
        "eventDate": "2019-02-04T00:00",
        "year": 2019,
        "month": 2,
        "day": 4,
        "recordedBy": "Ricardo de Lima Zollner",
        "license": "http://creativecommons.org/licenses/by/4.0/legalcode",
        "sourceUrl": "https://www.gbif.org/occurrence/6510755959"
      }
    },
    {
      "type": "Feature",
      "id": 6510793042,
      "geometry": {
        "type": "Point",
        "coordinates": [
          -52.841143,
          -27.149429
        ]
      },
      "properties": {
        "scientificName": "Solenopsis invicta Buren, 1972",
        "datasetTitle": null,
        "occurrenceID": "1548566",
        "basisOfRecord": "HUMAN_OBSERVATION",
        "eventDate": "2019-10-01T00:00",
        "year": 2019,
        "month": 10,
        "day": 1,
        "recordedBy": "JUNIR ANTONO LUTINSKI",
        "license": "http://creativecommons.org/licenses/by/4.0/legalcode",
        "sourceUrl": "https://www.gbif.org/occurrence/6510793042"
      }
    },
    {
      "type": "Feature",
      "id": 6510512590,
      "geometry": {
        "type": "Point",
        "coordinates": [
          -43.666944,
          -22.749722
        ]
      },
      "properties": {
        "scientificName": "Solenopsis invicta Buren, 1972",
        "datasetTitle": null,
        "occurrenceID": "1528736",
        "basisOfRecord": "HUMAN_OBSERVATION",
        "eventDate": "2018-09-03T00:00",
        "year": 2018,
        "month": 9,
        "day": 3,
        "recordedBy": "FÁBIO SOUTO DE ALMEIDA",
        "license": "http://creativecommons.org/licenses/by/4.0/legalcode",
        "sourceUrl": "https://www.gbif.org/occurrence/6510512590"
      }
    },
    {
      "type": "Feature",
      "id": 6510699948,
      "geometry": {
        "type": "Point",
        "coordinates": [
          -43.673967,
          -22.754533
        ]
      },
      "properties": {
        "scientificName": "Solenopsis invicta Buren, 1972",
        "datasetTitle": null,
        "occurrenceID": "1263553",
        "basisOfRecord": "HUMAN_OBSERVATION",
        "eventDate": "2017-01-07T00:00",
        "year": 2017,
        "month": 1,
        "day": 7,
        "recordedBy": "FÁBIO SOUTO DE ALMEIDA",
        "license": "http://creativecommons.org/licenses/by/4.0/legalcode",
        "sourceUrl": "https://www.gbif.org/occurrence/6510699948"
      }
    },
    {
      "type": "Feature",
      "id": 6510646043,
      "geometry": {
        "type": "Point",
        "coordinates": [
          -47.546683,
          -22.394047
        ]
      },
      "properties": {
        "scientificName": "Solenopsis invicta Buren, 1972",
        "datasetTitle": null,
        "occurrenceID": "1176437",
        "basisOfRecord": "HUMAN_OBSERVATION",
        "eventDate": "2017-03-06T00:00",
        "year": 2017,
        "month": 3,
        "day": 6,
        "recordedBy": "AMILCAR PEREZ RIVEROL",
        "license": "http://creativecommons.org/licenses/by/4.0/legalcode",
        "sourceUrl": "https://www.gbif.org/occurrence/6510646043"
      }
    },
    {
      "type": "Feature",
      "id": 6511102803,
      "geometry": {
        "type": "Point",
        "coordinates": [
          -47.4,
          -23.233333
        ]
      },
      "properties": {
        "scientificName": "Solenopsis invicta Buren, 1972",
        "datasetTitle": null,
        "occurrenceID": "1357834",
        "basisOfRecord": "HUMAN_OBSERVATION",
        "eventDate": "2016-02-01T00:00",
        "year": 2016,
        "month": 2,
        "day": 1,
        "recordedBy": "RICARDO TOSHIO FUJIHARA",
        "license": "http://creativecommons.org/licenses/by/4.0/legalcode",
        "sourceUrl": "https://www.gbif.org/occurrence/6511102803"
      }
    },
    {
      "type": "Feature",
      "id": 6510884932,
      "geometry": {
        "type": "Point",
        "coordinates": [
          -46.714722,
          -21.933333
        ]
      },
      "properties": {
        "scientificName": "Solenopsis invicta Buren, 1972",
        "datasetTitle": null,
        "occurrenceID": "1474565",
        "basisOfRecord": "HUMAN_OBSERVATION",
        "eventDate": "2016-03-01T00:00",
        "year": 2016,
        "month": 3,
        "day": 1,
        "recordedBy": "RICARDO TOSHIO FUJIHARA",
        "license": "http://creativecommons.org/licenses/by/4.0/legalcode",
        "sourceUrl": "https://www.gbif.org/occurrence/6510884932"
      }
    },
    {
      "type": "Feature",
      "id": 6510759015,
      "geometry": {
        "type": "Point",
        "coordinates": [
          -52.6007484,
          -0.8866501
        ]
      },
      "properties": {
        "scientificName": "Solenopsis invicta Buren, 1972",
        "datasetTitle": null,
        "occurrenceID": "636809",
        "basisOfRecord": "HUMAN_OBSERVATION",
        "eventDate": "2014-03-15T00:00",
        "year": 2014,
        "month": 3,
        "day": 15,
        "recordedBy": "Ronald Zanetti Bonetti filho",
        "license": "http://creativecommons.org/licenses/by/4.0/legalcode",
        "sourceUrl": "https://www.gbif.org/occurrence/6510759015"
      }
    },
    {
      "type": "Feature",
      "id": 2005428160,
      "geometry": {
        "type": "Point",
        "coordinates": [
          -61.447,
          -11.438
        ]
      },
      "properties": {
        "scientificName": "Solenopsis invicta Buren, 1972",
        "datasetTitle": null,
        "occurrenceID": "CAS:ANTWEB:awlit-ba05082",
        "basisOfRecord": "PRESERVED_SPECIMEN",
        "eventDate": "2013-01-01",
        "year": 2013,
        "month": 1,
        "day": 1,
        "recordedBy": null,
        "license": "http://creativecommons.org/licenses/by/4.0/legalcode",
        "sourceUrl": "https://www.gbif.org/occurrence/2005428160"
      }
    },
    {
      "type": "Feature",
      "id": 2005428136,
      "geometry": {
        "type": "Point",
        "coordinates": [
          -43.1314,
          -22.3325
        ]
      },
      "properties": {
        "scientificName": "Solenopsis invicta Buren, 1972",
        "datasetTitle": null,
        "occurrenceID": "CAS:ANTWEB:awlit-ba05066",
        "basisOfRecord": "PRESERVED_SPECIMEN",
        "eventDate": "2012-01-01",
        "year": 2012,
        "month": 1,
        "day": 1,
        "recordedBy": null,
        "license": "http://creativecommons.org/licenses/by/4.0/legalcode",
        "sourceUrl": "https://www.gbif.org/occurrence/2005428136"
      }
    },
    {
      "type": "Feature",
      "id": 6511287225,
      "geometry": {
        "type": "Point",
        "coordinates": [
          -56.533333,
          -16.3
        ]
      },
      "properties": {
        "scientificName": "Solenopsis invicta Buren, 1972",
        "datasetTitle": null,
        "occurrenceID": "1184498",
        "basisOfRecord": "HUMAN_OBSERVATION",
        "eventDate": "2012-01-08T00:00",
        "year": 2012,
        "month": 1,
        "day": 8,
        "recordedBy": "MARINÊZ ISAAC MARQUES",
        "license": "http://creativecommons.org/licenses/by/4.0/legalcode",
        "sourceUrl": "https://www.gbif.org/occurrence/6511287225"
      }
    },
    {
      "type": "Feature",
      "id": 6510321279,
      "geometry": {
        "type": "Point",
        "coordinates": [
          -44.1627336,
          -22.4130177
        ]
      },
      "properties": {
        "scientificName": "Solenopsis invicta Buren, 1972",
        "datasetTitle": null,
        "occurrenceID": "316567",
        "basisOfRecord": "HUMAN_OBSERVATION",
        "eventDate": "2012-10-10T00:00",
        "year": 2012,
        "month": 10,
        "day": 10,
        "recordedBy": "André Barbosa Vargas",
        "license": "http://creativecommons.org/licenses/by/4.0/legalcode",
        "sourceUrl": "https://www.gbif.org/occurrence/6510321279"
      }
    },
    {
      "type": "Feature",
      "id": 2005428093,
      "geometry": {
        "type": "Point",
        "coordinates": [
          -53.0788,
          -26.3941
        ]
      },
      "properties": {
        "scientificName": "Solenopsis invicta Buren, 1972",
        "datasetTitle": null,
        "occurrenceID": "CAS:ANTWEB:awlit-ba05069",
        "basisOfRecord": "PRESERVED_SPECIMEN",
        "eventDate": "2011-01-01",
        "year": 2011,
        "month": 1,
        "day": 1,
        "recordedBy": null,
        "license": "http://creativecommons.org/licenses/by/4.0/legalcode",
        "sourceUrl": "https://www.gbif.org/occurrence/2005428093"
      }
    },
    {
      "type": "Feature",
      "id": 2005428099,
      "geometry": {
        "type": "Point",
        "coordinates": [
          -52.3108,
          -27.1491
        ]
      },
      "properties": {
        "scientificName": "Solenopsis invicta Buren, 1972",
        "datasetTitle": null,
        "occurrenceID": "CAS:ANTWEB:awlit-ba05076",
        "basisOfRecord": "PRESERVED_SPECIMEN",
        "eventDate": "2011-01-01",
        "year": 2011,
        "month": 1,
        "day": 1,
        "recordedBy": null,
        "license": "http://creativecommons.org/licenses/by/4.0/legalcode",
        "sourceUrl": "https://www.gbif.org/occurrence/2005428099"
      }
    },
    {
      "type": "Feature",
      "id": 2005428113,
      "geometry": {
        "type": "Point",
        "coordinates": [
          -52.0205,
          -27.2255
        ]
      },
      "properties": {
        "scientificName": "Solenopsis invicta Buren, 1972",
        "datasetTitle": null,
        "occurrenceID": "CAS:ANTWEB:awlit-ba05071",
        "basisOfRecord": "PRESERVED_SPECIMEN",
        "eventDate": "2011-01-01",
        "year": 2011,
        "month": 1,
        "day": 1,
        "recordedBy": null,
        "license": "http://creativecommons.org/licenses/by/4.0/legalcode",
        "sourceUrl": "https://www.gbif.org/occurrence/2005428113"
      }
    },
    {
      "type": "Feature",
      "id": 2005428117,
      "geometry": {
        "type": "Point",
        "coordinates": [
          -52.3277,
          -26.5661
        ]
      },
      "properties": {
        "scientificName": "Solenopsis invicta Buren, 1972",
        "datasetTitle": null,
        "occurrenceID": "CAS:ANTWEB:awlit-ba05068",
        "basisOfRecord": "PRESERVED_SPECIMEN",
        "eventDate": "2011-01-01",
        "year": 2011,
        "month": 1,
        "day": 1,
        "recordedBy": null,
        "license": "http://creativecommons.org/licenses/by/4.0/legalcode",
        "sourceUrl": "https://www.gbif.org/occurrence/2005428117"
      }
    },
    {
      "type": "Feature",
      "id": 2005428132,
      "geometry": {
        "type": "Point",
        "coordinates": [
          -56.694,
          -21.187
        ]
      },
      "properties": {
        "scientificName": "Solenopsis invicta Buren, 1972",
        "datasetTitle": null,
        "occurrenceID": "CAS:ANTWEB:awlit-ba05080",
        "basisOfRecord": "PRESERVED_SPECIMEN",
        "eventDate": "2011-01-01",
        "year": 2011,
        "month": 1,
        "day": 1,
        "recordedBy": null,
        "license": "http://creativecommons.org/licenses/by/4.0/legalcode",
        "sourceUrl": "https://www.gbif.org/occurrence/2005428132"
      }
    },
    {
      "type": "Feature",
      "id": 2005428145,
      "geometry": {
        "type": "Point",
        "coordinates": [
          -51.4966,
          -27.1669
        ]
      },
      "properties": {
        "scientificName": "Solenopsis invicta Buren, 1972",
        "datasetTitle": null,
        "occurrenceID": "CAS:ANTWEB:awlit-ba05072",
        "basisOfRecord": "PRESERVED_SPECIMEN",
        "eventDate": "2011-01-01",
        "year": 2011,
        "month": 1,
        "day": 1,
        "recordedBy": null,
        "license": "http://creativecommons.org/licenses/by/4.0/legalcode",
        "sourceUrl": "https://www.gbif.org/occurrence/2005428145"
      }
    },
    {
      "type": "Feature",
      "id": 2005428182,
      "geometry": {
        "type": "Point",
        "coordinates": [
          -53.5163,
          -26.7255
        ]
      },
      "properties": {
        "scientificName": "Solenopsis invicta Buren, 1972",
        "datasetTitle": null,
        "occurrenceID": "CAS:ANTWEB:awlit-ba05075",
        "basisOfRecord": "PRESERVED_SPECIMEN",
        "eventDate": "2011-01-01",
        "year": 2011,
        "month": 1,
        "day": 1,
        "recordedBy": null,
        "license": "http://creativecommons.org/licenses/by/4.0/legalcode",
        "sourceUrl": "https://www.gbif.org/occurrence/2005428182"
      }
    },
    {
      "type": "Feature",
      "id": 6511259435,
      "geometry": {
        "type": "Point",
        "coordinates": [
          -45.6675,
          -18.486111
        ]
      },
      "properties": {
        "scientificName": "Solenopsis invicta Buren, 1972",
        "datasetTitle": null,
        "occurrenceID": "743907",
        "basisOfRecord": "HUMAN_OBSERVATION",
        "eventDate": "2011-02-01T00:00",
        "year": 2011,
        "month": 2,
        "day": 1,
        "recordedBy": "Cinthia Borges da Costa Milanez",
        "license": "http://creativecommons.org/licenses/by/4.0/legalcode",
        "sourceUrl": "https://www.gbif.org/occurrence/6511259435"
      }
    },
    {
      "type": "Feature",
      "id": 6510568918,
      "geometry": {
        "type": "Point",
        "coordinates": [
          -45.396944,
          -18.132778
        ]
      },
      "properties": {
        "scientificName": "Solenopsis invicta Buren, 1972",
        "datasetTitle": null,
        "occurrenceID": "743814",
        "basisOfRecord": "HUMAN_OBSERVATION",
        "eventDate": "2010-05-01T00:00",
        "year": 2010,
        "month": 5,
        "day": 1,
        "recordedBy": "Cinthia Borges da Costa Milanez",
        "license": "http://creativecommons.org/licenses/by/4.0/legalcode",
        "sourceUrl": "https://www.gbif.org/occurrence/6510568918"
      }
    },
    {
      "type": "Feature",
      "id": 6511242137,
      "geometry": {
        "type": "Point",
        "coordinates": [
          -44.8475,
          -18.452222
        ]
      },
      "properties": {
        "scientificName": "Solenopsis invicta Buren, 1972",
        "datasetTitle": null,
        "occurrenceID": "743777",
        "basisOfRecord": "HUMAN_OBSERVATION",
        "eventDate": "2010-05-01T00:00",
        "year": 2010,
        "month": 5,
        "day": 1,
        "recordedBy": "Cinthia Borges da Costa Milanez",
        "license": "http://creativecommons.org/licenses/by/4.0/legalcode",
        "sourceUrl": "https://www.gbif.org/occurrence/6511242137"
      }
    },
    {
      "type": "Feature",
      "id": 6510616096,
      "geometry": {
        "type": "Point",
        "coordinates": [
          -52.909506,
          -18.135356
        ]
      },
      "properties": {
        "scientificName": "Solenopsis invicta Buren, 1972",
        "datasetTitle": null,
        "occurrenceID": "1040324",
        "basisOfRecord": "HUMAN_OBSERVATION",
        "eventDate": "2009-09-22T00:00",
        "year": 2009,
        "month": 9,
        "day": 22,
        "recordedBy": "Camila Aoki",
        "license": "http://creativecommons.org/licenses/by/4.0/legalcode",
        "sourceUrl": "https://www.gbif.org/occurrence/6510616096"
      }
    },
    {
      "type": "Feature",
      "id": 2005428162,
      "geometry": {
        "type": "Point",
        "coordinates": [
          -67.622,
          -10.069
        ]
      },
      "properties": {
        "scientificName": "Solenopsis invicta Buren, 1972",
        "datasetTitle": null,
        "occurrenceID": "CAS:ANTWEB:awlit-ba05081",
        "basisOfRecord": "PRESERVED_SPECIMEN",
        "eventDate": "2005-01-01",
        "year": 2005,
        "month": 1,
        "day": 1,
        "recordedBy": null,
        "license": "http://creativecommons.org/licenses/by/4.0/legalcode",
        "sourceUrl": "https://www.gbif.org/occurrence/2005428162"
      }
    },
    {
      "type": "Feature",
      "id": 4910068997,
      "geometry": {
        "type": "Point",
        "coordinates": [
          -55.03,
          -20.38
        ]
      },
      "properties": {
        "scientificName": "Solenopsis invicta Buren, 1972",
        "datasetTitle": null,
        "occurrenceID": "CAS:ANTWEB:fuedei-jpp056",
        "basisOfRecord": "PRESERVED_SPECIMEN",
        "eventDate": "2000-11-01",
        "year": 2000,
        "month": 11,
        "day": 1,
        "recordedBy": "Pitts, J.P.",
        "license": "http://creativecommons.org/licenses/by/4.0/legalcode",
        "sourceUrl": "https://www.gbif.org/occurrence/4910068997"
      }
    },
    {
      "type": "Feature",
      "id": 4910074311,
      "geometry": {
        "type": "Point",
        "coordinates": [
          -54.8,
          -22.2
        ]
      },
      "properties": {
        "scientificName": "Solenopsis invicta Buren, 1972",
        "datasetTitle": null,
        "occurrenceID": "CAS:ANTWEB:fuedei-jb556",
        "basisOfRecord": "PRESERVED_SPECIMEN",
        "eventDate": "1998-07-31",
        "year": 1998,
        "month": 7,
        "day": 31,
        "recordedBy": "Briano, J.; Calcaterra, L.A.",
        "license": "http://creativecommons.org/licenses/by/4.0/legalcode",
        "sourceUrl": "https://www.gbif.org/occurrence/4910074311"
      }
    },
    {
      "type": "Feature",
      "id": 4910067394,
      "geometry": {
        "type": "Point",
        "coordinates": [
          -50.8,
          -20.1
        ]
      },
      "properties": {
        "scientificName": "Solenopsis invicta Buren, 1972",
        "datasetTitle": null,
        "occurrenceID": "CAS:ANTWEB:fuedei-jb559",
        "basisOfRecord": "PRESERVED_SPECIMEN",
        "eventDate": "1998-08-03",
        "year": 1998,
        "month": 8,
        "day": 3,
        "recordedBy": "Briano, J.; Calcaterra, L.A.",
        "license": "http://creativecommons.org/licenses/by/4.0/legalcode",
        "sourceUrl": "https://www.gbif.org/occurrence/4910067394"
      }
    },
    {
      "type": "Feature",
      "id": 4910068793,
      "geometry": {
        "type": "Point",
        "coordinates": [
          -54.2,
          -24.1
        ]
      },
      "properties": {
        "scientificName": "Solenopsis invicta Buren, 1972",
        "datasetTitle": null,
        "occurrenceID": "CAS:ANTWEB:fuedei-jb552",
        "basisOfRecord": "PRESERVED_SPECIMEN",
        "eventDate": "1998-08-03",
        "year": 1998,
        "month": 8,
        "day": 3,
        "recordedBy": "Briano, J.; Calcaterra, L.A.",
        "license": "http://creativecommons.org/licenses/by/4.0/legalcode",
        "sourceUrl": "https://www.gbif.org/occurrence/4910068793"
      }
    },
    {
      "type": "Feature",
      "id": 4910067442,
      "geometry": {
        "type": "Point",
        "coordinates": [
          -56.1,
          -13.3
        ]
      },
      "properties": {
        "scientificName": "Solenopsis invicta Buren, 1972",
        "datasetTitle": null,
        "occurrenceID": "CAS:ANTWEB:fuedei-kr055",
        "basisOfRecord": "PRESERVED_SPECIMEN",
        "eventDate": "1997-11-01",
        "year": 1997,
        "month": 11,
        "day": 1,
        "recordedBy": "Ross, K.",
        "license": "http://creativecommons.org/licenses/by/4.0/legalcode",
        "sourceUrl": "https://www.gbif.org/occurrence/4910067442"
      }
    },
    {
      "type": "Feature",
      "id": 4910067444,
      "geometry": {
        "type": "Point",
        "coordinates": [
          -53.7,
          -25.6
        ]
      },
      "properties": {
        "scientificName": "Solenopsis invicta Buren, 1972",
        "datasetTitle": null,
        "occurrenceID": "CAS:ANTWEB:fuedei-kr077",
        "basisOfRecord": "PRESERVED_SPECIMEN",
        "eventDate": "1997-11-01",
        "year": 1997,
        "month": 11,
        "day": 1,
        "recordedBy": "Ross, K.",
        "license": "http://creativecommons.org/licenses/by/4.0/legalcode",
        "sourceUrl": "https://www.gbif.org/occurrence/4910067444"
      }
    },
    {
      "type": "Feature",
      "id": 4910068839,
      "geometry": {
        "type": "Point",
        "coordinates": [
          -54.78,
          -16.26
        ]
      },
      "properties": {
        "scientificName": "Solenopsis invicta Buren, 1972",
        "datasetTitle": null,
        "occurrenceID": "CAS:ANTWEB:fuedei-kr056",
        "basisOfRecord": "PRESERVED_SPECIMEN",
        "eventDate": "1997-11-01",
        "year": 1997,
        "month": 11,
        "day": 1,
        "recordedBy": "Ross, K.",
        "license": "http://creativecommons.org/licenses/by/4.0/legalcode",
        "sourceUrl": "https://www.gbif.org/occurrence/4910068839"
      }
    },
    {
      "type": "Feature",
      "id": 4910068841,
      "geometry": {
        "type": "Point",
        "coordinates": [
          -54.256,
          -24.083
        ]
      },
      "properties": {
        "scientificName": "Solenopsis invicta Buren, 1972",
        "datasetTitle": null,
        "occurrenceID": "CAS:ANTWEB:fuedei-kr070",
        "basisOfRecord": "PRESERVED_SPECIMEN",
        "eventDate": "1997-11-01",
        "year": 1997,
        "month": 11,
        "day": 1,
        "recordedBy": "Ross, K.",
        "license": "http://creativecommons.org/licenses/by/4.0/legalcode",
        "sourceUrl": "https://www.gbif.org/occurrence/4910068841"
      }
    },
    {
      "type": "Feature",
      "id": 4910071610,
      "geometry": {
        "type": "Point",
        "coordinates": [
          -50.4,
          -27.1
        ]
      },
      "properties": {
        "scientificName": "Solenopsis invicta Buren, 1972",
        "datasetTitle": null,
        "occurrenceID": "CAS:ANTWEB:fuedei-kr047",
        "basisOfRecord": "PRESERVED_SPECIMEN",
        "eventDate": "1997-11-01",
        "year": 1997,
        "month": 11,
        "day": 1,
        "recordedBy": "Ross, K.",
        "license": "http://creativecommons.org/licenses/by/4.0/legalcode",
        "sourceUrl": "https://www.gbif.org/occurrence/4910071610"
      }
    },
    {
      "type": "Feature",
      "id": 4910071613,
      "geometry": {
        "type": "Point",
        "coordinates": [
          -56.63,
          -16.23
        ]
      },
      "properties": {
        "scientificName": "Solenopsis invicta Buren, 1972",
        "datasetTitle": null,
        "occurrenceID": "CAS:ANTWEB:fuedei-kr061",
        "basisOfRecord": "PRESERVED_SPECIMEN",
        "eventDate": "1997-11-01",
        "year": 1997,
        "month": 11,
        "day": 1,
        "recordedBy": "Ross, K.",
        "license": "http://creativecommons.org/licenses/by/4.0/legalcode",
        "sourceUrl": "https://www.gbif.org/occurrence/4910071613"
      }
    },
    {
      "type": "Feature",
      "id": 4910074362,
      "geometry": {
        "type": "Point",
        "coordinates": [
          -53.4,
          -30.3
        ]
      },
      "properties": {
        "scientificName": "Solenopsis invicta Buren, 1972",
        "datasetTitle": null,
        "occurrenceID": "CAS:ANTWEB:fuedei-kr052",
        "basisOfRecord": "PRESERVED_SPECIMEN",
        "eventDate": "1997-11-01",
        "year": 1997,
        "month": 11,
        "day": 1,
        "recordedBy": "Ross, K.",
        "license": "http://creativecommons.org/licenses/by/4.0/legalcode",
        "sourceUrl": "https://www.gbif.org/occurrence/4910074362"
      }
    },
    {
      "type": "Feature",
      "id": 4910067650,
      "geometry": {
        "type": "Point",
        "coordinates": [
          -57.8536,
          -15.8464
        ]
      },
      "properties": {
        "scientificName": "Solenopsis invicta Buren, 1972",
        "datasetTitle": null,
        "occurrenceID": "CAS:ANTWEB:ifahi-sp-0306",
        "basisOfRecord": "PRESERVED_SPECIMEN",
        "eventDate": "1991-10-22",
        "year": 1991,
        "month": 10,
        "day": 22,
        "recordedBy": "Porter, S.D.",
        "license": "http://creativecommons.org/licenses/by/4.0/legalcode",
        "sourceUrl": "https://www.gbif.org/occurrence/4910067650"
      }
    },
    {
      "type": "Feature",
      "id": 4910067651,
      "geometry": {
        "type": "Point",
        "coordinates": [
          -54.61,
          -20.53
        ]
      },
      "properties": {
        "scientificName": "Solenopsis invicta Buren, 1972",
        "datasetTitle": null,
        "occurrenceID": "CAS:ANTWEB:ifahi-sp-0317",
        "basisOfRecord": "PRESERVED_SPECIMEN",
        "eventDate": "1991-10-26",
        "year": 1991,
        "month": 10,
        "day": 26,
        "recordedBy": "Porter, S.D.",
        "license": "http://creativecommons.org/licenses/by/4.0/legalcode",
        "sourceUrl": "https://www.gbif.org/occurrence/4910067651"
      }
    },
    {
      "type": "Feature",
      "id": 4910068213,
      "geometry": {
        "type": "Point",
        "coordinates": [
          -56.3372,
          -15.675
        ]
      },
      "properties": {
        "scientificName": "Solenopsis invicta Buren, 1972",
        "datasetTitle": null,
        "occurrenceID": "CAS:ANTWEB:ifahi-sp-0316p",
        "basisOfRecord": "PRESERVED_SPECIMEN",
        "eventDate": "1991-10-24",
        "year": 1991,
        "month": 10,
        "day": 24,
        "recordedBy": "Porter, S.D.",
        "license": "http://creativecommons.org/licenses/by/4.0/legalcode",
        "sourceUrl": "https://www.gbif.org/occurrence/4910068213"
      }
    },
    {
      "type": "Feature",
      "id": 4910069047,
      "geometry": {
        "type": "Point",
        "coordinates": [
          -56.2435,
          -15.5753
        ]
      },
      "properties": {
        "scientificName": "Solenopsis invicta Buren, 1972",
        "datasetTitle": null,
        "occurrenceID": "CAS:ANTWEB:ifahi-sp-0307",
        "basisOfRecord": "PRESERVED_SPECIMEN",
        "eventDate": "1991-10-24",
        "year": 1991,
        "month": 10,
        "day": 24,
        "recordedBy": "Porter, S.D.",
        "license": "http://creativecommons.org/licenses/by/4.0/legalcode",
        "sourceUrl": "https://www.gbif.org/occurrence/4910069047"
      }
    },
    {
      "type": "Feature",
      "id": 4910069607,
      "geometry": {
        "type": "Point",
        "coordinates": [
          -55.3898,
          -22.0729
        ]
      },
      "properties": {
        "scientificName": "Solenopsis invicta Buren, 1972",
        "datasetTitle": null,
        "occurrenceID": "CAS:ANTWEB:ifahi-sp-0326p",
        "basisOfRecord": "PRESERVED_SPECIMEN",
        "eventDate": "1991-10-29",
        "year": 1991,
        "month": 10,
        "day": 29,
        "recordedBy": "Porter, S.D.",
        "license": "http://creativecommons.org/licenses/by/4.0/legalcode",
        "sourceUrl": "https://www.gbif.org/occurrence/4910069607"
      }
    },
    {
      "type": "Feature",
      "id": 4910070047,
      "geometry": {
        "type": "Point",
        "coordinates": [
          -57.65,
          -16.13
        ]
      },
      "properties": {
        "scientificName": "Solenopsis invicta Buren, 1972",
        "datasetTitle": null,
        "occurrenceID": "CAS:ANTWEB:ifahi-sp-0306.1p2",
        "basisOfRecord": "PRESERVED_SPECIMEN",
        "eventDate": "1991-10-22",
        "year": 1991,
        "month": 10,
        "day": 22,
        "recordedBy": "Porter, S.D.",
        "license": "http://creativecommons.org/licenses/by/4.0/legalcode",
        "sourceUrl": "https://www.gbif.org/occurrence/4910070047"
      }
    },
    {
      "type": "Feature",
      "id": 4907739302,
      "geometry": {
        "type": "Point",
        "coordinates": [
          -54.5,
          -21.04
        ]
      },
      "properties": {
        "scientificName": "Solenopsis invicta Buren, 1972",
        "datasetTitle": null,
        "occurrenceID": "CAS:ANTWEB:bfl-sp-205",
        "basisOfRecord": "PRESERVED_SPECIMEN",
        "eventDate": "1989-10-14",
        "year": 1989,
        "month": 10,
        "day": 14,
        "recordedBy": "Porter, S.D.; MacKay, W.P.",
        "license": "http://creativecommons.org/licenses/by/4.0/legalcode",
        "sourceUrl": "https://www.gbif.org/occurrence/4907739302"
      }
    },
    {
      "type": "Feature",
      "id": 4907739303,
      "geometry": {
        "type": "Point",
        "coordinates": [
          -54.37,
          -22.43
        ]
      },
      "properties": {
        "scientificName": "Solenopsis invicta Buren, 1972",
        "datasetTitle": null,
        "occurrenceID": "CAS:ANTWEB:bfl-sp-216",
        "basisOfRecord": "PRESERVED_SPECIMEN",
        "eventDate": "1989-10-16",
        "year": 1989,
        "month": 10,
        "day": 16,
        "recordedBy": "Porter, S.D.",
        "license": "http://creativecommons.org/licenses/by/4.0/legalcode",
        "sourceUrl": "https://www.gbif.org/occurrence/4907739303"
      }
    },
    {
      "type": "Feature",
      "id": 4907739304,
      "geometry": {
        "type": "Point",
        "coordinates": [
          -54.8,
          -17.74
        ]
      },
      "properties": {
        "scientificName": "Solenopsis invicta Buren, 1972",
        "datasetTitle": null,
        "occurrenceID": "CAS:ANTWEB:bfl-sp-227",
        "basisOfRecord": "PRESERVED_SPECIMEN",
        "eventDate": "1989-10-18",
        "year": 1989,
        "month": 10,
        "day": 18,
        "recordedBy": "Porter, S.D.",
        "license": "http://creativecommons.org/licenses/by/4.0/legalcode",
        "sourceUrl": "https://www.gbif.org/occurrence/4907739304"
      }
    },
    {
      "type": "Feature",
      "id": 4907739307,
      "geometry": {
        "type": "Point",
        "coordinates": [
          -55.34,
          -22.84
        ]
      },
      "properties": {
        "scientificName": "Solenopsis invicta Buren, 1972",
        "datasetTitle": null,
        "occurrenceID": "CAS:ANTWEB:bfl-sp-241",
        "basisOfRecord": "PRESERVED_SPECIMEN",
        "eventDate": "1989-10-16",
        "year": 1989,
        "month": 10,
        "day": 16,
        "recordedBy": "MacKay, W.P.",
        "license": "http://creativecommons.org/licenses/by/4.0/legalcode",
        "sourceUrl": "https://www.gbif.org/occurrence/4907739307"
      }
    },
    {
      "type": "Feature",
      "id": 4907739308,
      "geometry": {
        "type": "Point",
        "coordinates": [
          -55.88,
          -20.5
        ]
      },
      "properties": {
        "scientificName": "Solenopsis invicta Buren, 1972",
        "datasetTitle": null,
        "occurrenceID": "CAS:ANTWEB:bfl-sp-249",
        "basisOfRecord": "PRESERVED_SPECIMEN",
        "eventDate": "1989-10-17",
        "year": 1989,
        "month": 10,
        "day": 17,
        "recordedBy": "MacKay, W.P.",
        "license": "http://creativecommons.org/licenses/by/4.0/legalcode",
        "sourceUrl": "https://www.gbif.org/occurrence/4907739308"
      }
    },
    {
      "type": "Feature",
      "id": 4907739311,
      "geometry": {
        "type": "Point",
        "coordinates": [
          -54.38,
          -21.42
        ]
      },
      "properties": {
        "scientificName": "Solenopsis invicta Buren, 1972",
        "datasetTitle": null,
        "occurrenceID": "CAS:ANTWEB:bfl-sp-206p",
        "basisOfRecord": "PRESERVED_SPECIMEN",
        "eventDate": "1989-10-15",
        "year": 1989,
        "month": 10,
        "day": 15,
        "recordedBy": "Porter, S.D.",
        "license": "http://creativecommons.org/licenses/by/4.0/legalcode",
        "sourceUrl": "https://www.gbif.org/occurrence/4907739311"
      }
    },
    {
      "type": "Feature",
      "id": 4907739313,
      "geometry": {
        "type": "Point",
        "coordinates": [
          -54.52,
          -20.06
        ]
      },
      "properties": {
        "scientificName": "Solenopsis invicta Buren, 1972",
        "datasetTitle": null,
        "occurrenceID": "CAS:ANTWEB:bfl-sp-220p",
        "basisOfRecord": "PRESERVED_SPECIMEN",
        "eventDate": "1989-10-17",
        "year": 1989,
        "month": 10,
        "day": 17,
        "recordedBy": "Porter, S.D.",
        "license": "http://creativecommons.org/licenses/by/4.0/legalcode",
        "sourceUrl": "https://www.gbif.org/occurrence/4907739313"
      }
    },
    {
      "type": "Feature",
      "id": 4907739314,
      "geometry": {
        "type": "Point",
        "coordinates": [
          -54.96,
          -18.04
        ]
      },
      "properties": {
        "scientificName": "Solenopsis invicta Buren, 1972",
        "datasetTitle": null,
        "occurrenceID": "CAS:ANTWEB:bfl-sp-228p",
        "basisOfRecord": "PRESERVED_SPECIMEN",
        "eventDate": "1989-10-18",
        "year": 1989,
        "month": 10,
        "day": 18,
        "recordedBy": "Porter, S.D.",
        "license": "http://creativecommons.org/licenses/by/4.0/legalcode",
        "sourceUrl": "https://www.gbif.org/occurrence/4907739314"
      }
    },
    {
      "type": "Feature",
      "id": 4907739327,
      "geometry": {
        "type": "Point",
        "coordinates": [
          -54.75,
          -18.56
        ]
      },
      "properties": {
        "scientificName": "Solenopsis invicta Buren, 1972",
        "datasetTitle": null,
        "occurrenceID": "CAS:ANTWEB:bfl-sp-225.2p2",
        "basisOfRecord": "PRESERVED_SPECIMEN",
        "eventDate": "1989-10-18",
        "year": 1989,
        "month": 10,
        "day": 18,
        "recordedBy": "Porter, S.D.",
        "license": "http://creativecommons.org/licenses/by/4.0/legalcode",
        "sourceUrl": "https://www.gbif.org/occurrence/4907739327"
      }
    },
    {
      "type": "Feature",
      "id": 4907739338,
      "geometry": {
        "type": "Point",
        "coordinates": [
          -54.12,
          -21.56
        ]
      },
      "properties": {
        "scientificName": "Solenopsis invicta Buren, 1972",
        "datasetTitle": null,
        "occurrenceID": "CAS:ANTWEB:bfl-sp-207b",
        "basisOfRecord": "PRESERVED_SPECIMEN",
        "eventDate": "1989-10-15",
        "year": 1989,
        "month": 10,
        "day": 15,
        "recordedBy": "Porter, S.D.",
        "license": "http://creativecommons.org/licenses/by/4.0/legalcode",
        "sourceUrl": "https://www.gbif.org/occurrence/4907739338"
      }
    },
    {
      "type": "Feature",
      "id": 4907739361,
      "geometry": {
        "type": "Point",
        "coordinates": [
          -54.51,
          -21.76
        ]
      },
      "properties": {
        "scientificName": "Solenopsis invicta Buren, 1972",
        "datasetTitle": null,
        "occurrenceID": "CAS:ANTWEB:bfl-sp-229",
        "basisOfRecord": "PRESERVED_SPECIMEN",
        "eventDate": "1989-10-15",
        "year": 1989,
        "month": 10,
        "day": 15,
        "recordedBy": "Porter, S.D.; MacKay, W.P.",
        "license": "http://creativecommons.org/licenses/by/4.0/legalcode",
        "sourceUrl": "https://www.gbif.org/occurrence/4907739361"
      }
    },
    {
      "type": "Feature",
      "id": 4907739368,
      "geometry": {
        "type": "Point",
        "coordinates": [
          -57.43,
          -19.45
        ]
      },
      "properties": {
        "scientificName": "Solenopsis invicta Buren, 1972",
        "datasetTitle": null,
        "occurrenceID": "CAS:ANTWEB:bfl-sp-262p",
        "basisOfRecord": "PRESERVED_SPECIMEN",
        "eventDate": "1989-10-18",
        "year": 1989,
        "month": 10,
        "day": 18,
        "recordedBy": "MacKay, W.P.",
        "license": "http://creativecommons.org/licenses/by/4.0/legalcode",
        "sourceUrl": "https://www.gbif.org/occurrence/4907739368"
      }
    },
    {
      "type": "Feature",
      "id": 4907739386,
      "geometry": {
        "type": "Point",
        "coordinates": [
          -54.36,
          -19.64
        ]
      },
      "properties": {
        "scientificName": "Solenopsis invicta Buren, 1972",
        "datasetTitle": null,
        "occurrenceID": "CAS:ANTWEB:bfl-sp-222",
        "basisOfRecord": "PRESERVED_SPECIMEN",
        "eventDate": "1989-10-17",
        "year": 1989,
        "month": 10,
        "day": 17,
        "recordedBy": "Porter, S.D.",
        "license": "http://creativecommons.org/licenses/by/4.0/legalcode",
        "sourceUrl": "https://www.gbif.org/occurrence/4907739386"
      }
    },
    {
      "type": "Feature",
      "id": 4907739391,
      "geometry": {
        "type": "Point",
        "coordinates": [
          -54.25,
          -20.5
        ]
      },
      "properties": {
        "scientificName": "Solenopsis invicta Buren, 1972",
        "datasetTitle": null,
        "occurrenceID": "CAS:ANTWEB:bfl-sp-203p",
        "basisOfRecord": "PRESERVED_SPECIMEN",
        "eventDate": "1989-10-12",
        "year": 1989,
        "month": 10,
        "day": 12,
        "recordedBy": "Porter, S.D.; MacKay, W.P.",
        "license": "http://creativecommons.org/licenses/by/4.0/legalcode",
        "sourceUrl": "https://www.gbif.org/occurrence/4907739391"
      }
    },
    {
      "type": "Feature",
      "id": 4907739394,
      "geometry": {
        "type": "Point",
        "coordinates": [
          -54.8,
          -18.86
        ]
      },
      "properties": {
        "scientificName": "Solenopsis invicta Buren, 1972",
        "datasetTitle": null,
        "occurrenceID": "CAS:ANTWEB:bfl-sp-225p",
        "basisOfRecord": "PRESERVED_SPECIMEN",
        "eventDate": "1989-10-17",
        "year": 1989,
        "month": 10,
        "day": 17,
        "recordedBy": "Porter, S.D.",
        "license": "http://creativecommons.org/licenses/by/4.0/legalcode",
        "sourceUrl": "https://www.gbif.org/occurrence/4907739394"
      }
    },
    {
      "type": "Feature",
      "id": 4907739396,
      "geometry": {
        "type": "Point",
        "coordinates": [
          -54.56,
          -18.1
        ]
      },
      "properties": {
        "scientificName": "Solenopsis invicta Buren, 1972",
        "datasetTitle": null,
        "occurrenceID": "CAS:ANTWEB:bfl-sp-269p",
        "basisOfRecord": "PRESERVED_SPECIMEN",
        "eventDate": "1989-10-19",
        "year": 1989,
        "month": 10,
        "day": 19,
        "recordedBy": "Porter, S.D.",
        "license": "http://creativecommons.org/licenses/by/4.0/legalcode",
        "sourceUrl": "https://www.gbif.org/occurrence/4907739396"
      }
    },
    {
      "type": "Feature",
      "id": 4907739405,
      "geometry": {
        "type": "Point",
        "coordinates": [
          -55.16,
          -19.74
        ]
      },
      "properties": {
        "scientificName": "Solenopsis invicta Buren, 1972",
        "datasetTitle": null,
        "occurrenceID": "CAS:ANTWEB:bfl-sp-266.1v",
        "basisOfRecord": "PRESERVED_SPECIMEN",
        "eventDate": "1989-10-19",
        "year": 1989,
        "month": 10,
        "day": 19,
        "recordedBy": "MacKay, W.P.",
        "license": "http://creativecommons.org/licenses/by/4.0/legalcode",
        "sourceUrl": "https://www.gbif.org/occurrence/4907739405"
      }
    },
    {
      "type": "Feature",
      "id": 4907739412,
      "geometry": {
        "type": "Point",
        "coordinates": [
          -53.04,
          -22.5
        ]
      },
      "properties": {
        "scientificName": "Solenopsis invicta Buren, 1972",
        "datasetTitle": null,
        "occurrenceID": "CAS:ANTWEB:bfl-sp-212",
        "basisOfRecord": "PRESERVED_SPECIMEN",
        "eventDate": "1989-10-15",
        "year": 1989,
        "month": 10,
        "day": 15,
        "recordedBy": "Porter, S.D.",
        "license": "http://creativecommons.org/licenses/by/4.0/legalcode",
        "sourceUrl": "https://www.gbif.org/occurrence/4907739412"
      }
    },
    {
      "type": "Feature",
      "id": 4907739415,
      "geometry": {
        "type": "Point",
        "coordinates": [
          -55.43,
          -22.49
        ]
      },
      "properties": {
        "scientificName": "Solenopsis invicta Buren, 1972",
        "datasetTitle": null,
        "occurrenceID": "CAS:ANTWEB:bfl-sp-245",
        "basisOfRecord": "PRESERVED_SPECIMEN",
        "eventDate": "1989-10-16",
        "year": 1989,
        "month": 10,
        "day": 16,
        "recordedBy": "MacKay, W.P.",
        "license": "http://creativecommons.org/licenses/by/4.0/legalcode",
        "sourceUrl": "https://www.gbif.org/occurrence/4907739415"
      }
    },
    {
      "type": "Feature",
      "id": 4907739416,
      "geometry": {
        "type": "Point",
        "coordinates": [
          -56.47,
          -20.26
        ]
      },
      "properties": {
        "scientificName": "Solenopsis invicta Buren, 1972",
        "datasetTitle": null,
        "occurrenceID": "CAS:ANTWEB:bfl-sp-256",
        "basisOfRecord": "PRESERVED_SPECIMEN",
        "eventDate": "1989-10-17",
        "year": 1989,
        "month": 10,
        "day": 17,
        "recordedBy": "MacKay, W.P.",
        "license": "http://creativecommons.org/licenses/by/4.0/legalcode",
        "sourceUrl": "https://www.gbif.org/occurrence/4907739416"
      }
    },
    {
      "type": "Feature",
      "id": 4907739418,
      "geometry": {
        "type": "Point",
        "coordinates": [
          -54.7,
          -19.1
        ]
      },
      "properties": {
        "scientificName": "Solenopsis invicta Buren, 1972",
        "datasetTitle": null,
        "occurrenceID": "CAS:ANTWEB:bfl-sp-270",
        "basisOfRecord": "PRESERVED_SPECIMEN",
        "eventDate": "1989-10-17",
        "year": 1989,
        "month": 10,
        "day": 17,
        "recordedBy": "Porter, S.D.",
        "license": "http://creativecommons.org/licenses/by/4.0/legalcode",
        "sourceUrl": "https://www.gbif.org/occurrence/4907739418"
      }
    },
    {
      "type": "Feature",
      "id": 4910073118,
      "geometry": {
        "type": "Point",
        "coordinates": [
          -57.39077,
          -23.41747
        ]
      },
      "properties": {
        "scientificName": "Solenopsis invicta Buren, 1972",
        "datasetTitle": null,
        "occurrenceID": "CAS:ANTWEB:fuedei-lv230",
        "basisOfRecord": "PRESERVED_SPECIMEN",
        "eventDate": "2006-08-27",
        "year": 2006,
        "month": 8,
        "day": 27,
        "recordedBy": "Varone, L.",
        "license": "http://creativecommons.org/licenses/by/4.0/legalcode",
        "sourceUrl": "https://www.gbif.org/occurrence/4910073118"
      }
    },
    {
      "type": "Feature",
      "id": 4910074498,
      "geometry": {
        "type": "Point",
        "coordinates": [
          -57.49583,
          -25.23615
        ]
      },
      "properties": {
        "scientificName": "Solenopsis invicta Buren, 1972",
        "datasetTitle": null,
        "occurrenceID": "CAS:ANTWEB:fuedei-lv231",
        "basisOfRecord": "PRESERVED_SPECIMEN",
        "eventDate": "2006-08-02",
        "year": 2006,
        "month": 8,
        "day": 2,
        "recordedBy": "Varone, L.",
        "license": "http://creativecommons.org/licenses/by/4.0/legalcode",
        "sourceUrl": "https://www.gbif.org/occurrence/4910074498"
      }
    },
    {
      "type": "Feature",
      "id": 4910068263,
      "geometry": {
        "type": "Point",
        "coordinates": [
          -56.02,
          -27.22
        ]
      },
      "properties": {
        "scientificName": "Solenopsis invicta Buren, 1972",
        "datasetTitle": null,
        "occurrenceID": "CAS:ANTWEB:ifahi-sp-0500p2",
        "basisOfRecord": "PRESERVED_SPECIMEN",
        "eventDate": "1991-04-21",
        "year": 1991,
        "month": 4,
        "day": 21,
        "recordedBy": "Porter, S.D.",
        "license": "http://creativecommons.org/licenses/by/4.0/legalcode",
        "sourceUrl": "https://www.gbif.org/occurrence/4910068263"
      }
    },
    {
      "type": "Feature",
      "id": 4910068265,
      "geometry": {
        "type": "Point",
        "coordinates": [
          -57.25,
          -25.78
        ]
      },
      "properties": {
        "scientificName": "Solenopsis invicta Buren, 1972",
        "datasetTitle": null,
        "occurrenceID": "CAS:ANTWEB:ifahi-sp-0519p2",
        "basisOfRecord": "PRESERVED_SPECIMEN",
        "eventDate": "1991-04-22",
        "year": 1991,
        "month": 4,
        "day": 22,
        "recordedBy": "Porter, S.D.",
        "license": "http://creativecommons.org/licenses/by/4.0/legalcode",
        "sourceUrl": "https://www.gbif.org/occurrence/4910068265"
      }
    },
    {
      "type": "Feature",
      "id": 4910068266,
      "geometry": {
        "type": "Point",
        "coordinates": [
          -57.06,
          -25.39
        ]
      },
      "properties": {
        "scientificName": "Solenopsis invicta Buren, 1972",
        "datasetTitle": null,
        "occurrenceID": "CAS:ANTWEB:ifahi-sp-0533p2",
        "basisOfRecord": "PRESERVED_SPECIMEN",
        "eventDate": "1991-04-23",
        "year": 1991,
        "month": 4,
        "day": 23,
        "recordedBy": "Porter, S.D.",
        "license": "http://creativecommons.org/licenses/by/4.0/legalcode",
        "sourceUrl": "https://www.gbif.org/occurrence/4910068266"
      }
    },
    {
      "type": "Feature",
      "id": 4910071845,
      "geometry": {
        "type": "Point",
        "coordinates": [
          -55.928,
          -27.292
        ]
      },
      "properties": {
        "scientificName": "Solenopsis invicta Buren, 1972",
        "datasetTitle": null,
        "occurrenceID": "CAS:ANTWEB:ifahi-sp-0499",
        "basisOfRecord": "PRESERVED_SPECIMEN",
        "eventDate": "1991-04-21",
        "year": 1991,
        "month": 4,
        "day": 21,
        "recordedBy": "Porter, S.D.",
        "license": "http://creativecommons.org/licenses/by/4.0/legalcode",
        "sourceUrl": "https://www.gbif.org/occurrence/4910071845"
      }
    },
    {
      "type": "Feature",
      "id": 4910071848,
      "geometry": {
        "type": "Point",
        "coordinates": [
          -57.089,
          -26.459
        ]
      },
      "properties": {
        "scientificName": "Solenopsis invicta Buren, 1972",
        "datasetTitle": null,
        "occurrenceID": "CAS:ANTWEB:ifahi-sp-0518",
        "basisOfRecord": "PRESERVED_SPECIMEN",
        "eventDate": "1991-04-21",
        "year": 1991,
        "month": 4,
        "day": 21,
        "recordedBy": "Porter, S.D.",
        "license": "http://creativecommons.org/licenses/by/4.0/legalcode",
        "sourceUrl": "https://www.gbif.org/occurrence/4910071848"
      }
    }
  ]
}
